,Rank,Released_Year,Album,Artist,Genre,Subgenre,Country_of_Release,Label
0,1,1967,Sgt. Pepper's Lonely Hearts Club Band,The Beatles,Rock,"Rock & Roll, Psychedelic Rock",GB,Parlophone
1,2,1966,Pet Sounds,The Beach Boys,Rock,"Pop Rock, Psychedelic Rock",US,Mobile Fidelity Sound Lab
2,3,1966,Revolver,The Beatles,Rock,"Psychedelic Rock, Pop Rock",US,Parlophone
3,4,1965,Highway 61 Revisited,Bob Dylan,Rock,"Folk Rock, Blues Rock",XE,Columbia
4,5,1965,Rubber Soul,The Beatles,"Rock, Pop",Pop Rock,CA,Parlophone
5,6,1971,What's Going On,Marvin Gaye,Funk / Soul,Soul,XW,Motown
6,7,1972,Exile on Main St.,The Rolling Stones,Rock,"Blues Rock, Rock & Roll, Classic Rock",US,Capitol Records
7,8,1979,London Calling,The Clash,Rock,"Punk, New Wave",JP,Sony Music Japan International Inc.
8,9,1966,Blonde on Blonde,Bob Dylan,"Rock, Blues","Folk Rock, Rhythm & Blues",JP,Sony Music Japan International Inc.
9,10,1968,"The Beatles (""The White Album"")",The Beatles,Rock,"Rock & Roll, Pop Rock, Psychedelic Rock, Experimental",Unknown,Unknown
10,11,1976,The Sun Sessions,Elvis Presley,Rock,Rock & Roll,GB,RCA
11,12,1959,Kind of Blue,Miles Davis,Jazz,Modal,XE,Groove Replica
12,13,1967,The Velvet Underground & Nico,The Velvet Underground,Rock,"Garage Rock, Art Rock, Experimental",US,Polydor
13,14,1969,Abbey Road,The Beatles,Rock,"Psychedelic Rock, Classic Rock, Pop Rock",DE,Apple Records
14,15,1967,Are You Experienced,The Jimi Hendrix Experience,"Rock, Blues","Blues Rock, Psychedelic Rock",US,MCA Records
15,16,1975,Blood on the Tracks,Bob Dylan,Rock,"Folk Rock, Acoustic, Ballad",US,Columbia
16,17,1991,Nevermind,Nirvana,Rock,"Alternative Rock, Grunge",DE,DGC Records
17,18,1975,Born to Run,Bruce Springsteen,Rock,Pop Rock,ES,CBS
18,19,1968,Astral Weeks,Van Morrison,"Jazz, Rock, Blues, Folk, World, & Country","Acoustic, Classic Rock, Free Improvisation",KR,Warner Music Korea
19,20,1982,Thriller,Michael Jackson,"Funk / Soul, Pop",Disco,US,Epic
20,21,1982,The Great Twenty_Eight,Chuck Berry,Rock,Rock & Roll,US,"BMG Direct Marketing, Inc."
21,22,1990,The Complete Recordings,Robert Johnson,Blues,Delta Blues,JP,CBS/Sony
22,23,1970,John Lennon/Plastic Ono Band,John Lennon / Plastic Ono Band,Rock,Pop Rock,JP,Apple Records
23,24,1973,Innervisions,Stevie Wonder,Funk / Soul,Soul,CA,Tamla Motown
24,25,1963,"Live at the Apollo, 1962",James Brown,Funk / Soul,"Rhythm & Blues, Soul",CA,Polydor
25,26,1977,Rumours,Fleetwood Mac,Rock,Pop Rock,US,Warner Bros. Records
26,27,1987,The Joshua Tree,U2,Rock,"Alternative Rock, Pop Rock",GB,Island
27,28,1971,Who's Next,The Who,Rock,"Hard Rock, Mod, Prog Rock, Psychedelic Rock",US,MCA Records
28,29,1969,Led Zeppelin,Led Zeppelin,Rock,"Blues Rock, Hard Rock",XW,Atlantic
29,30,1971,Blue,Joni Mitchell,Pop,"Acoustic, Ballad, Folk",US,Reprise Records
30,31,1965,Bringing It All Back Home,Bob Dylan,"Rock, Folk, World, & Country","Folk Rock, Folk",JP,Sony Records International
31,32,1969,Let It Bleed,The Rolling Stones,Rock,"Blues Rock, Hard Rock",US,ABKCO
32,33,1976,Ramones,Ramones,Rock,"Rock & Roll, Punk",US,Sire Records
33,34,1968,Music From Big Pink,The Band,Rock,"Folk Rock, Acoustic, Blues Rock",GB,Capitol Records
34,35,1972,The Rise and Fall of Ziggy Stardust and the Spiders From Mars,David Bowie,Rock,"Classic Rock, Glam",XE,EMI
35,36,1971,Tapestry,Carole King,"Rock, Pop","Folk Rock, Soft Rock",US,Legacy
36,37,1976,Hotel California,Eagles,Rock,Classic Rock,US,DCC Compact Classics
37,38,2001,The Anthology,Muddy Waters,"Folk, World, & Country",Folk,US,MCA Records
38,39,1963,Please Please Me,The Beatles,Rock,"Beat, Rock & Roll",RU,SomeWax
39,40,1967,Forever Changes,Love,Rock,"Folk Rock, Psychedelic Rock",US,Mobile Fidelity Sound Lab
40,41,1977,Never Mind the Bollocks Here's the Sex Pistols,Sex Pistols,Rock,Punk,US,"BMG Direct Marketing, Inc."
41,42,1967,The Doors,The Doors,Rock,Psychedelic Rock,US,Mobile Fidelity Sound Lab
42,43,1973,The Dark Side of the Moon,Pink Floyd,Rock,Prog Rock,Unknown,Pink Floyd Records
43,44,1975,Horses,Patti Smith,Rock,Art Rock,US,Arista
44,45,1969,"The Band (""The Brown Album"")",The Band,"Classical, Stage & Screen","Soundtrack, Modern Classical, Contemporary, Score",Unknown,Unknown
45,46,1984,Legend: The Best of Bob Marley and The Wailers,Bob Marley & The Wailers,Reggae,"Reggae, Roots Reggae",ZA,Tuff Gong
46,47,1965,A Love Supreme,John Coltrane,Jazz,"Free Jazz, Hard Bop, Modal",GB,Castle Pie
47,48,1988,It Takes a Nation of Millions to Hold Us Back,Public Enemy,Hip Hop,Conscious,US,Def Jam Recordings
48,49,1971,At Fillmore East,The Allman Brothers Band,"Rock, Blues",Blues Rock,US,Classic Records
49,50,1957,Here's Little Richard,Little Richard,"Rock, Blues","Rock & Roll, Rhythm & Blues",DE,Hallmark Records
50,51,1970,Bridge Over Troubled Water,Simon & Garfunkel,Rock,"Folk Rock, Classic Rock",GB,Legacy
51,52,1975,Greatest Hits,Al Green,Funk / Soul,Soul,US,DCC Compact Classics
52,52,1975,Greatest Hits,Al Green,Funk / Soul,Soul,US,DCC Compact Classics
53,52,1975,Greatest Hits,Al Green,Funk / Soul,Soul,US,DCC Compact Classics
54,53,1964,Meet The Beatles!,The Beatles,Rock,"Beat, Rock & Roll",XE,Capitol Records
55,54,1991,The Birth of Soul,Ray Charles,"Jazz, Funk / Soul","Rhythm & Blues, Big Band, Soul, Soul-Jazz",US,Atlantic
56,55,1968,Electric Ladyland,The Jimi Hendrix Experience,"Rock, Blues","Electric Blues, Psychedelic Rock",US,Experience Hendrix
57,56,1956,Elvis Presley,Elvis Presley,Rock,"Rock & Roll, Rockabilly",US,Legacy
58,57,1976,Songs in the Key of Life,Stevie Wonder,Funk / Soul,"Soul, Disco",AU,Tamla Motown
59,58,1968,Beggars Banquet,The Rolling Stones,"Rock, Funk / Soul, Pop","Blues Rock, Southern Rock, Classic Rock",US,ABKCO
60,59,1976,Chronicle: The 20 Greatest Hits,Creedence Clearwater Revival,Rock,,US,Fantasy
61,60,1969,Trout Mask Replica,Captain Beefheart & His Magic Band,"Rock, Blues","Dialogue, Field Recording, Avantgarde, Electric Blues, Psychedelic Rock, Experimental",XE,Reprise Records
62,61,1970,Greatest Hits,Sly & The Family Stone,Funk / Soul,"Rhythm & Blues, Funk",AU,Epic
63,61,1970,Greatest Hits,Sly & The Family Stone,Funk / Soul,"Rhythm & Blues, Funk",AU,Epic
64,61,1970,Greatest Hits,Sly & The Family Stone,Funk / Soul,"Rhythm & Blues, Funk",AU,Epic
65,62,1987,Appetite for Destruction,Guns N' Roses,Rock,"Hard Rock, Heavy Metal",CO,Geffen Records
66,63,1991,Achtung Baby,U2,"Electronic, Rock","Pop Rock, Synth-pop, Alternative Rock, Arena Rock",US,Island
67,64,1971,Sticky Fingers,The Rolling Stones,Rock,Classic Rock,US,Rolling Stones Records
68,65,1991,Back to Mono (1958-1969),Phil Spector,"Rock, Funk / Soul, Pop","Doo Wop, Pop Rock, Ballad, Rhythm & Blues",Unknown,Unknown
69,66,1970,Moondance,Van Morrison,"Jazz, Rock, Funk / Soul, Folk, World, & Country","Folk Rock, Rhythm & Blues, Classic Rock, Contemporary Jazz",US,Warner Bros. Records
70,67,2000,Kid A,Radiohead,"Electronic, Rock","Alternative Rock, IDM, Experimental",US,Parlophone
71,68,1979,Off the Wall,Michael Jackson,"Funk / Soul, Pop","Disco, Soul, Ballad",US,Unknown
72,69,1971,[Led Zeppelin IV],Led Zeppelin,Rock,"Hard Rock, Classic Rock, Blues Rock",US,Atlantic
73,70,1977,The Stranger,Billy Joel,Rock,Pop Rock,JP,Sony Records International
74,71,1986,Graceland,Paul Simon,"Jazz, Rock, Funk / Soul, Pop, Folk, World, & Country","Folk Rock, Pop Rock, African, Afrobeat, Zydeco, Funk, Rhythm & Blues",US,Rhino
75,72,1972,Superfly,Curtis Mayfield,"Funk / Soul, Stage & Screen","Soundtrack, Soul",JP,Curtom Records
76,73,1975,Physical Graffiti,Led Zeppelin,Rock,Classic Rock,US,"BMG Direct Marketing, Inc."
77,74,1970,After the Gold Rush,Neil Young,Rock,"Rock & Roll, Country Rock",US,Reprise Records
78,75,1991,Star Time,James Brown,Funk / Soul,"Soul, Funk, Disco",CA,Polydor
79,76,1984,Purple Rain,Prince and the Revolution,"Electronic, Rock, Funk / Soul, Stage & Screen","Pop Rock, Funk, Soundtrack, Synth-pop",ZA,Warner Bros. Records
80,77,1980,Back in Black,AC/DC,Rock,Hard Rock,US,Atlantic
81,78,1965,Otis Blue: Otis Redding Sings Soul,Otis Redding,Funk / Soul,Soul,US,ATCO Records
82,79,1969,Led Zeppelin II,Led Zeppelin,Rock,"Blues Rock, Classic Rock, Hard Rock",DE,Atlantic
83,80,1971,Imagine,John Lennon,Rock,Pop Rock,US,Capitol Records
84,81,1977,The Clash,The Clash,Rock,Punk,XE,CBS
85,82,1972,Harvest,Neil Young,Rock,"Folk Rock, Country Rock, Classic Rock",JP,Reprise Records
86,83,1967,Axis: Bold as Love,The Jimi Hendrix Experience,Rock,"Psychedelic Rock, Electric Blues",XE,Sony Music
87,84,1967,I Never Loved a Man the Way I Love You,Aretha Franklin,Funk / Soul,Soul,JP,Atlantic
88,85,1968,Lady Soul,Aretha Franklin,Funk / Soul,Soul,JP,Atlantic
89,86,1984,Born in the U.S.A.,Bruce Springsteen,Rock,Pop Rock,ES,Sony BMG Music Entertainment
90,87,1979,The Wall,Pink Floyd,Rock,"Alternative Rock, Prog Rock",FR,EMI
91,88,1968,At Folsom Prison,Johnny Cash,"Folk, World, & Country",Country,US,Legacy
92,89,1969,Dusty in Memphis,Dusty Springfield,"Rock, Funk / Soul","Pop Rock, Soul",NL,Philips
93,90,1972,Talking Book,Stevie Wonder,Funk / Soul,"Soul, Funk",US,Tamla
94,91,1973,Goodbye Yellow Brick Road,Elton John,Rock,"Pop Rock, Classic Rock",CA,The Rocket Record Company
95,92,1978,20 Golden Greats,Buddy Holly,Rock,Rock & Roll,GB,MCA Records
96,93,1987,"Sign ""Peace"" the Times",Prince,"Rock, Reggae","Ska, Reggae-Pop",US,Paisley Park
97,94,1984,40 Greatest Hits,Hank Williams,"Folk, World, & Country",Country,GB,Polydor
98,95,1970,Bitches Brew,Miles Davis,Jazz,Fusion,XE,CBS
99,96,1969,Tommy,The Who,Rock,Psychedelic Rock,US,MCA Records
100,97,1963,The Freewheelin' Bob Dylan,Bob Dylan,"Folk, World, & Country",Folk,XW,Legacy
101,98,1978,This Year's Model,Elvis Costello,Rock,New Wave,XE,Demon Records
102,99,1971,There's a Riot Goin' On,Sly & The Family Stone,Funk / Soul,"Rhythm & Blues, Funk",US,"Vinyl Me, Please."
103,100,1968,Odessey and Oracle,The Zombies,Rock,Psychedelic Rock,RU,[no label]
104,101,1955,In the Wee Small Hours,Frank Sinatra,"Jazz, Pop","Big Band, Ballad",XE,Blue Moon
105,102,1966,Fresh Cream,Cream,"Rock, Blues","Blues Rock, Electric Blues",US,RSO
106,103,1959,Giant Steps,John Coltrane,Jazz,Hard Bop,CA,Atlantic
107,104,1970,Sweet Baby James,James Taylor,Rock,"Folk Rock, Acoustic, Soft Rock",XW,Rhino
108,105,1962,Modern Sounds in Country and Western Music,Ray Charles,"Funk / Soul, Folk, World, & Country","Country, Rhythm & Blues",XE,Jazz Images
109,106,1977,Rocket to Russia,Ramones,Rock,"Rock & Roll, Punk",PT,Sire Records
110,107,2003,Portrait of a Legend 1951-1964,Sam Cooke,"Latin, Funk / Soul","Soul, Rhythm & Blues, Gospel, Cha-Cha",US,ABKCO
111,108,1971,Hunky Dory,David Bowie,Rock,"Classic Rock, Glam",US,Rykodisc
112,109,1966,Aftermath,The Rolling Stones,Rock,"Blues Rock, Pop Rock",JP,ABKCO
113,110,1970,Loaded,The Velvet Underground,Rock,"Art Rock, Classic Rock",US,Cotillion
114,111,1995,The Bends,Radiohead,Rock,Alternative Rock,GB,Parlophone
115,112,1966,If You Can Believe Your Eyes and Ears,The Mamas and the Papas,Rock,"Folk Rock, Pop Rock",US,Universal Music Special Markets
116,113,1974,Court and Spark,Joni Mitchell,Rock,"Soft Rock, Pop Rock",US,Asylum Records
117,114,1967,Disraeli Gears,Cream,Rock,"Psychedelic Rock, Blues Rock",US,Polydor
118,115,1967,The Who Sell Out,The Who,Rock,"Psychedelic Rock, Mod",US,MCA Records
119,116,1965,Out of Our Heads,The Rolling Stones,Rock,"Blues Rock, Rock & Roll",JP,ABKCO
120,117,1970,Layla and Other Assorted Love Songs,Derek and the Dominos,Rock,Blues Rock,US,PolyGram
121,118,2005,Late Registration,Kanye West,Hip Hop,,US,Roc‐A‐Fella Records
122,119,1960,At Last!,Etta James,"Funk / Soul, Blues","Rhythm & Blues, Soul",DE,Argo
123,120,1968,Sweetheart of the Rodeo,The Byrds,Rock,"Folk Rock, Country Rock",GB,Edsel Records
124,121,1969,Stand!,Sly & The Family Stone,Funk / Soul,"Funk, Psychedelic, Disco",US,Epic
125,122,1972,The Harder They Come,Various Artists,"Reggae,ÊPop,ÊFolk, World, & Country,ÊStage & Screen","Reggae,ÊRoots Reggae,ÊRocksteady,ÊContemporary,ÊSoundtrack",US,Mango Records
126,123,1986,Raising Hell,Run D.M.C.,Hip Hop,,Unknown,Unknown
127,124,1967,Moby Grape,Moby Grape,Rock,"Folk Rock, Psychedelic Rock",US,Sundazed Music
128,125,1971,Pearl,Janis Joplin,"Rock, Blues",Blues Rock,JP,CBS/Sony
129,126,1973,Catch a Fire,The Wailers,Reggae,Roots Reggae,US,Island
130,127,1967,Younger Than Yesterday,The Byrds,Rock,"Folk Rock, Psychedelic Rock",GB,CBS
131,128,1973,Raw Power,Iggy and The Stooges,Rock,"Garage Rock, Hard Rock, Punk",XW,Unknown
132,129,1980,Remain in Light,Talking Heads,"Electronic, Rock","New Wave, Art Rock, Funk",XE,Sire Records
133,130,1977,Marquee Moon,Television,Rock,"New Wave, Punk",JP,Warner-Pioneer Corporation
134,131,1970,Paranoid,Black Sabbath,Rock,"Hard Rock, Heavy Metal",NL,Vertigo
135,132,1977,Saturday Night Fever: The Original Movie Sound Track,Various Artists,"Electronic,ÊStage & Screen","Soundtrack,ÊDisco",XW,Reprise Records
136,133,1973,"The Wild, the Innocent & the E Street Shuffle",Bruce Springsteen,Rock,,XE,CBS
137,134,1994,Ready to Die,The Notorious B.I.G.,Hip Hop,Thug Rap,US,Bad Boy Records
138,135,1992,Slanted and Enchanted,Pavement,Rock,Alternative Rock,XW,Unknown
139,136,1974,Greatest Hits,Elton John,Rock,Classic Rock,CA,MCA Records
140,136,1974,Greatest Hits,Elton John,Rock,Classic Rock,CA,MCA Records
141,136,1974,Greatest Hits,Elton John,Rock,Classic Rock,CA,MCA Records
142,137,1985,Tim,The Replacements,Rock,Indie Rock,CA,Sire Records
143,138,1992,The Chronic,Dr. Dre,Hip Hop,Gangsta,US,Death Row Records
144,139,1974,Rejuvenation,The Meters,Funk / Soul,"Bayou Funk, Soul",Unknown,Unknown
145,140,1978,Parallel Lines,Blondie,"Electronic, Rock","New Wave, Pop Rock, Punk, Disco",GB,Chrysalis
146,141,1965,Live at the Regal,B.B. King,Blues,Chicago Blues,Unknown,Lucas RecordsDigital
147,142,1963,A Christmas Gift for You From Phil Spector,Phil Spector,"Rock, Funk / Soul, Pop",Pop Rock,AF,Legacy
148,143,1968,Gris-Gris,"Dr. John, the Night Tripper","Jazz, Rock, Funk / Soul, Blues","Soul-Jazz, Louisiana Blues, Fusion, Bayou Funk",US,ATCO Records
149,144,1988,Straight Outta Compton,N.W.A,Hip Hop,Gangsta,GB,Priority Records
150,145,1977,Aja,Steely Dan,"Jazz, Rock","Jazz-Rock, Classic Rock",US,Mobile Fidelity Sound Lab
151,146,1967,Surrealistic Pillow,Jefferson Airplane,Rock,"Folk Rock, Psychedelic Rock",PL,Selles Records
152,147,1970,Deja vu,"Crosby, Stills, Nash & Young",Rock,Classic Rock,ZA,Atlantic
153,148,1973,Houses of the Holy,Led Zeppelin,Rock,Classic Rock,CA,Atlantic
154,149,1969,Santana,Santana,"Rock, Latin, Funk / Soul","Afro-Cuban, Psychedelic Rock",GB,Columbia
155,150,1978,Darkness on the Edge of Town,Bruce Springsteen,Rock,Pop Rock,XE,CBS
156,151,2004,Funeral,Arcade Fire,Rock,Indie Rock,KR,Pastel Music
157,152,1979,The B 52's / Play Loud,The B 52's,"Electronic, Rock, Pop","New Wave, Punk, Mod",Unknown,Unknown
158,153,1991,The Low End Theory,A Tribe Called Quest,Hip Hop,Conscious,US,Jive
159,154,1958,Moanin' in the Moonlight,Howlin' Wolf,Blues,Chicago Blues,IT,Chess
160,155,1980,Pretenders,Pretenders,Rock,"Alternative Rock, New Wave",SE,Real Records
161,156,1989,Paul's Boutique,Beastie Boys,"Hip Hop, Rock, Funk / Soul","Alternative Rock, Pop Rap, Psychedelic",US,Capitol Records
162,157,1980,Closer,Joy Division,Rock,"Post-Punk, New Wave",IT,Factory
163,158,1975,Captain Fantastic and the Brown Dirt Cowboy,Elton John,Rock,"Pop Rock, Classic Rock",XE,Mercury Records
164,159,1975,Alive!,KISS,Rock,"Hard Rock, Glam",US,Mercury Records
165,160,1971,Electric Warrior,T. Rex,Rock,"Glam, Classic Rock",CA,Columbia House
166,161,1968,The Dock of the Bay,Otis Redding,Funk / Soul,"Rhythm & Blues, Soul",US,Volt
167,162,1997,OK Computer,Radiohead,"Electronic, Rock",Alternative Rock,XE,XL Recordings
168,163,1982,1999,Prince,"Funk / Soul, Pop",,FR,Warner Bros. Records
169,164,2002,The Very Best of Linda Ronstadt,Linda Ronstadt,"Rock, Pop","Soft Rock, Pop Rock",US,Time–Life Music
170,165,1973,Let's Get It On,Marvin Gaye,Funk / Soul,Soul,US,Mobile Fidelity Sound Lab
171,166,1982,Imperial Bedroom,Elvis Costello & The Attractions,Rock,"Alternative Rock, New Wave",GB,Edsel Records
172,167,1986,Master of Puppets,Metallica,Rock,"Thrash, Speed Metal",JP,Vertigo
173,168,1977,My Aim Is True,Elvis Costello,Rock,"New Wave, Pop Rock",CZ,Unknown
174,169,1977,Exodus,Bob Marley & The Wailers,Reggae,"Reggae, Roots Reggae",JP,Island
175,170,1970,Live at Leeds,The Who,Rock,"Classic Rock, Blues Rock, Hard Rock",BR,Polydor
176,171,1968,The Notorious Byrd Brothers,The Byrds,Rock,"Psychedelic Rock, Folk Rock, Country Rock, Pop Rock",US,Columbia
177,172,1971,Every Picture Tells a Story,Rod Stewart,Rock,Pop Rock,GB,Mercury Records
178,173,1972,Something/Anything?,Todd Rundgren,Rock,"Power Pop, Pop Rock, Prog Rock",US,Mobile Fidelity Sound Lab
179,174,1976,Desire,Bob Dylan,Rock,Folk Rock,GB,CBS
180,175,1970,Close to You,Carpenters,"Rock, Pop","Pop Rock, Vocal",US,A&M Records
181,176,1976,Rocks,Aerosmith,Rock,"Hard Rock, Classic Rock",US,CBS
182,177,1978,One Nation Under a Groove,Funkadelic,Funk / Soul,P.Funk,AF,Charly Records
183,178,1992,The Anthology: 1961-1977,Curtis Mayfield and The Impressions,Funk / Soul,"Rhythm & Blues, Soul, Funk",US,MCA Records
184,179,2001,The Definitive Collection,ABBA,"Electronic, Pop","Europop, Synth-pop, Disco",DE,UTV Records
185,180,1965,"The Rolling Stones, Now!",The Rolling Stones,"Rock, Blues, Pop","Pop Rock, Rhythm & Blues, Rock & Roll",PT,Decca Records
186,181,1974,Natty Dread,Bob Marley & The Wailers,Reggae,"Reggae, Roots Reggae",JP,Island
187,182,1975,Fleetwood Mac,Fleetwood Mac,"Rock, Pop","Folk Rock, Pop Rock",XW,Columbia
188,183,1975,Red Headed Stranger,Willie Nelson,"Folk, World, & Country",Country,US,Columbia Nashville
189,184,1990,The Immaculate Collection,Madonna,"Electronic, Pop",Synth-pop,JP,Warner Music Japan
190,185,1969,The Stooges,The Stooges,Rock,"Garage Rock, Punk",AU,Rhino Records
191,186,1973,Fresh,Sly & The Family Stone,Funk / Soul,"Rhythm & Blues, Funk",XE,Legacy
192,187,1986,So,Peter Gabriel,"Electronic, Rock, Funk / Soul, Pop","Art Rock, Pop Rock, Synth-pop, Funk",US,Real World
193,188,1967,Buffalo Springfield Again,Buffalo Springfield,"Rock, Pop",Country Rock,US,ATCO Records
194,189,1969,Happy Trails,Quicksilver Messenger Service,Rock,"Acid Rock, Psychedelic Rock",GB,Capitol Records
195,190,1969,From Elvis in Memphis,Elvis Presley,"Rock, Funk / Soul, Folk, World, & Country","Country, Soul",XE,RCA
196,191,1970,Fun House,The Stooges,Rock,"Garage Rock, Punk",AU,Unknown
197,192,1969,The Gilded Palace of Sin,The Flying Burrito Brothers,"Rock, Folk, World, & Country",Country Rock,XW,A&M Records
198,193,1994,Dookie,Green Day,Rock,"Alternative Rock, Pop Punk, Punk",US,Reprise Records
199,194,1972,Transformer,Lou Reed,Rock,Glam,XE,BMG Heritage
200,195,1966,"Blues Breakers With Eric Clapton (""The Beano Album"")",John Mayall & The Bluesbreakers,"Rock,ÊBlues","Blues Rock,ÊElectric Blues,ÊHarmonica Blues",Unknown,Unknown
201,196,1998,"Nuggets: Original Artyfacts From the First Psychedelic Era, 1965-1968",Various Artists,Rock,"Garage Rock,ÊPsychedelic Rock",GB,Rhino
202,197,1983,Murmur,R.E.M.,Rock,Alternative Rock,Unknown,I.R.S. Records
203,198,1967,The Best of Little Walter,Little Walter,Blues,Chicago Blues,US,Checker
204,199,2001,Is This It,The Strokes,Rock,Indie Rock,XE,RCA
205,200,1979,Highway to Hell,AC/DC,Rock,Hard Rock,US,Columbia
206,201,1994,The Downward Spiral,Nine Inch Nails,"Electronic, Rock",Industrial,AU,TVT Records
207,202,1966,"Parsley, Sage, Rosemary and Thyme",Simon & Garfunkel,"Rock, Pop, Folk, World, & Country","Folk Rock, Pop Rock",US,Columbia
208,203,1987,Bad,Michael Jackson,"Funk / Soul, Pop","Pop Rock, Ballad, Funk, Soul",FR,Unknown
209,204,2006,Modern Times,Bob Dylan,Rock,"Blues Rock, Folk Rock",AU,Columbia
210,205,1968,Wheels of Fire,Cream,"Rock, Blues","Blues Rock, Psychedelic Rock, Classic Rock",US,Polydor
211,206,1980,Dirty Mind,Prince,Funk / Soul,,US,Warner Bros. Records
212,207,1970,Abraxas,Santana,"Rock, Latin","Fusion, Hard Rock, Psychedelic Rock",US,CBS
213,208,1970,Tea for the Tillerman,Cat Stevens,"Rock, Stage & Screen","Folk Rock, Pop Rock",US,Analogue Productions
214,209,1991,Ten,Pearl Jam,Rock,Grunge,XE,Epic
215,210,1969,Everybody Knows This Is Nowhere,Neil Young & Crazy Horse,Rock,"Folk Rock, Country Rock, Classic Rock",US,Reprise Records
216,211,1975,Wish You Were Here,Pink Floyd,Rock,"Classic Rock, Prog Rock",XE,Pink Floyd Records
217,212,1994,Crooked Rain Crooked Rain,Pavement,Rock,"Alternative Rock, Indie Rock",Unknown,Matador
218,213,1981,Tattoo You,The Rolling Stones,Rock,Classic Rock,Unknown,"Virgin Records America, Inc."
219,214,1991,Proud Mary: The Best of Ike and Tina Turner,Ike & Tina Turner,Funk / Soul,"Rhythm & Blues, Bayou Funk, Soul",US,EMI
220,215,1973,New York Dolls,New York Dolls,Rock,Glam,US,Mercury Records
221,216,1986,Bo Diddley / Go Bo Diddley,Bo Diddley,"Rock, Blues","Rhythm & Blues, Rock & Roll",US,Chess
222,217,1961,Two Steps From the Blues,"Bobby ""Blue"" Bland","Funk / Soul, Blues","Rhythm & Blues, Soul",US,MCA Records
223,218,1986,The Queen Is Dead,The Smiths,"Rock, Pop",Indie Rock,AL,Warner Music UK
224,219,1986,Licensed to Ill,Beastie Boys,Hip Hop,,XE,Def Jam Recordings
225,220,1970,Look-Ka Py Py,The Meters,Funk / Soul,"Bayou Funk, Soul, Funk",US,Josie Records
226,221,1991,Loveless,My Bloody Valentine,Rock,"Alternative Rock, Shoegaze",GB,Sony Music
227,222,1972,New Orleans Piano,Professor Longhair,"Funk / Soul, Blues",Piano Blues,US,Atlantic
228,223,1983,War,U2,Rock,Pop Rock,JP,Island
229,224,1999,The Neil Diamond Collection,Neil Diamond,"Rock, Pop","Soft Rock, Ballad",Unknown,MCA Records
230,225,2004,American Idiot,Green Day,Rock,"Pop Rock, Punk",ZA,Reprise Records
231,226,1982,Nebraska,Bruce Springsteen,Rock,Acoustic,US,Columbia
232,227,1989,Doolittle,Pixies,Rock,Indie Rock,ZA,Sheer Music
233,228,1987,Paid in Full,Eric B. & Rakim,Hip Hop,,GB,Island Masters
234,229,1975,Toys in the Attic,Aerosmith,Rock,"Hard Rock, Blues Rock",US,Columbia
235,230,1989,Nick of Time,Bonnie Raitt,"Rock, Pop","Blues Rock, Pop Rock",GB,Capitol Records
236,231,1975,A Night at the Opera,Queen,Rock,"Hard Rock, Pop Rock, Prog Rock",GR,Island
237,232,1972,The Kink Kronikles,The Kinks,Rock,"Rock & Roll, Pop Rock",XW,Sanctuary Records
238,233,1965,Mr. Tambourine Man,The Byrds,Rock,"Folk Rock, Garage Rock, Pop Rock",JP,Unknown
239,234,1968,Bookends,Simon & Garfunkel,Rock,"Folk Rock, Classic Rock",GB,CBS
240,235,2000,The Ultimate Collection,Patsy Cline,"Folk, World, & Country",,US,UTV Records
241,236,1992,Mr. Excitement!,Jackie Wilson,Funk / Soul,,GB,Music Digital
242,237,1965,My Generation,The Who,Rock,Mod,Unknown,Unknown
243,238,1962,Howlin' Wolf,Howlin' Wolf,Blues,,DE,Vogue
244,239,1989,Like a Prayer,Madonna,"Electronic, Pop",Synth-pop,XW,Warner Records
245,240,1972,Can't Buy a Thrill,Steely Dan,Rock,Classic Rock,XE,MCA Records
246,241,1984,Let It Be,The Replacements,Rock,"Alternative Rock, Power Pop, Punk, Indie Rock",NL,Roadrunner Records
247,241,1984,Let It Be,The Replacements,Rock,"Alternative Rock, Power Pop, Punk, Indie Rock",NL,Roadrunner Records
248,242,1984,Run D.M.C.,Run D.M.C.,Hip Hop,,JP,London Records
249,243,1970,Black Sabbath,Black Sabbath,Rock,"Blues Rock, Heavy Metal",DE,Vertigo
250,244,2000,The Marshall Mathers LP,Eminem,Hip Hop,"Pop Rap, Hardcore Hip-Hop, Horrorcore",EC,Interscope Records
251,245,1993,All Killer No Filler! The Jerry Lee Lewis Anthology,Jerry Lee Lewis,"Rock, Blues, Folk, World, & Country","Country Blues, Rock & Roll, Rhythm & Blues",US,Rhino
252,246,1966,Freak Out!,The Mothers of Invention,"Electronic, Rock","Musique Concr?te, Avantgarde, Symphonic Rock, Rhythm & Blues, Psychedelic Rock, Experimental, Parody",LU,Yellow Snow Records
253,247,1969,Live/Dead,The Grateful Dead,Rock,"Folk Rock, Country Rock, Psychedelic Rock, Experimental",US,Rhino
254,248,1959,The Shape of Jazz to Come,Ornette Coleman,Jazz,Free Jazz,JP,Atlantic
255,249,1992,Automatic for the People,R.E.M.,Rock,Alternative Rock,CA,Columbia House
256,250,1996,Reasonable Doubt,Jay Z,Hip Hop,,JP,BMG
257,251,1977,Low,David Bowie,"Electronic, Rock","Art Rock, Ambient, Experimental",DE,RCA
258,252,2001,The Blueprint,Jay Z,Hip Hop,,US,Roc‐A‐Fella Records
259,253,1980,The River,Bruce Springsteen,Rock,"Folk Rock, Pop Rock, Classic Rock",GR,CBS
260,254,1966,Complete & Unbelievable: The Otis Redding Dictionary of Soul,Otis Redding,Funk / Soul,Soul,US,ATCO Records
261,255,1991,"Metallica (""The Black Album"")",Metallica,Rock,Heavy Metal,Unknown,Unknown
262,256,1977,Trans Europa Express,Kraftwerk,Electronic,Electro,Unknown,Capitol Records
263,257,1985,Whitney Houston,Whitney Houston,"Funk / Soul, Pop","Synth-pop, Rhythm & Blues",XE,Arista
264,258,1968,The Kinks Are The Village Green Preservation Society,The Kinks,Rock,"Psychedelic Rock, Pop Rock",JP,Victor
265,259,1997,The Velvet Rope,Janet,"Electronic, Funk / Soul, Pop","RnB/Swing, Downtempo",CA,JDJ Entertainment
266,260,1978,Stardust,Willie Nelson,"Pop, Folk, World, & Country",Vocal,US,Legacy
267,261,1970,American Beauty,Grateful Dead,Rock,Folk Rock,US,Warner Bros. Records
268,262,1969,"Crosby, Stills & Nash","Crosby, Stills & Nash","Rock, Folk, World, & Country","Folk Rock, Classic Rock",US,Rhino Atlantic
269,263,1988,Tracy Chapman,Tracy Chapman,Rock,,FR,Elektra
270,264,1970,Workingman's Dead,Grateful Dead,Rock,"Folk Rock, Country Rock, Classic Rock",US,Rhino
271,265,1959,The Genius of Ray Charles,Ray Charles,"Jazz, Pop","Soul-Jazz, Big Band",XE,Atlantic
272,266,1968,Child Is Father to the Man,"Blood, Sweat & Tears",Rock,"Blues Rock, Jazz-Rock, Classic Rock",US,Sony Music Commercial Music Group
273,267,1973,Quadrophenia,The Who,Rock,"Hard Rock, Classic Rock, Mod",US,Polydor
274,268,1972,Paul Simon,Paul Simon,Rock,"Folk Rock, Pop Rock",CA,Warner Bros. Records
275,269,1985,Psychocandy,The Jesus and Mary Chain,Rock,Noise,GB,Edsel Records
276,270,1978,Some Girls,The Rolling Stones,Rock,"Blues Rock, Rock & Roll, Classic Rock, Disco",GB,A&M Records
277,271,1965,The Beach Boys Today!,The Beach Boys,Rock,"Pop Rock, Psychedelic Rock",XW,Capitol Records
278,272,1997,Dig Me Out,Sleater Kinney,Rock,Indie Rock,US,Kill Rock Stars
279,273,1966,Going to a Go-Go,Smokey Robinson & The Miracles,Funk / Soul,Soul,US,Tamla
280,274,1974,Nightbirds,LaBelle,Funk / Soul,"Funk, Disco",US,Audio Fidelity
281,275,1999,The Slim Shady LP,Eminem,Hip Hop,,AU,Universal Music Australia
282,276,1975,Mothership Connection,Parliament,Funk / Soul,"P.Funk, Funk",US,Mercury Records
283,277,1989,Rhythm Nation 1814,Janet Jackson,"Electronic, Hip Hop, Pop","RnB/Swing, Downtempo, Synth-pop",AU,PolyGram Australia
284,278,1997,Anthology of American Folk Music,Various,"Blues, Folk, World, & Country","Cajun, Country, Field Recording, Gospel, Delta Blues, Folk",US,Smithsonian Folkways
285,279,1973,Aladdin Sane,David Bowie,Rock,Glam,DE,RCA Victor
286,280,2000,All That You Can't Leave Behind,U2,Rock,Pop Rock,XW,Island
287,281,1994,My Life,Mary J. Blige,Hip Hop,RnB/Swing,US,Uptown Records
288,282,1964,Folk Singer,Muddy Waters,Blues,Delta Blues,US,Chess
289,283,1974,Can't Get Enough,Barry White,Funk / Soul,"Soul, Disco",GB,20th Century Records
290,284,1978,The Cars,The Cars,"Electronic, Rock","New Wave, Pop Rock, Synth-pop",US,Mobile Fidelity Sound Lab
291,285,1972,Music of My Mind,Stevie Wonder,Funk / Soul,"Soul-Jazz, Soul",XW,Motown
292,286,1972,I'm Still in Love With You,Al Green,Funk / Soul,"Rhythm & Blues, Soul",US,Fat Possum Records
293,287,1980,Los Angeles,X,Rock,"Punk, Rock & Roll",US,Fat Possum Records
294,288,1968,Anthem of the Sun,Grateful Dead,Rock,Psychedelic Rock,US,Unknown
295,289,1967,Something Else by The Kinks,The Kinks,Rock,"Pop Rock, Psychedelic Rock, Mod",GB,Sanctuary Records
296,290,1973,Call Me,Al Green,Funk / Soul,"Rhythm & Blues, Soul",XW,Hi Records
297,291,1977,Talking Heads: 77,Talking Heads,Rock,New Wave,US,Rhino
298,292,1975,The Basement Tapes,Bob Dylan and the Band,Rock,"Folk Rock, Country Rock, Classic Rock",US,CBS
299,293,1968,White Light/White Heat,The Velvet Underground,Rock,"Avantgarde, Experimental",JP,Verve
300,294,1969,Kick Out the Jams,MC5,Rock,"Garage Rock, Hard Rock, Punk, Blues Rock",US,Third Man Records
301,295,1970,Songs of Love and Hate,Leonard Cohen,"Folk, World, & Country","Folk Rock, Folk, Ballad",XE,Stern's Music
302,296,1985,Meat Is Murder,The Smiths,Rock,"Alternative Rock, Indie Rock",CA,Rough Trade
303,297,1968,We're Only in It for the Money,The Mothers of Invention,"Electronic, Rock","Modern Classical, Avantgarde, Psychedelic Rock, Experimental, Parody",JP,Videoarts Music
304,298,2003,The College Dropout,Kanye West,Hip Hop,"Pop Rap, Conscious, Contemporary R&B",XW,Roc‐A‐Fella Records
305,299,1994,Weezer (Blue Album),Weezer,Rock,"Alternative Rock, Emo",Unknown,Unknown
306,300,1971,Master of Reality,Black Sabbath,Rock,"Hard Rock, Heavy Metal",GB,Sanctuary Records
307,301,1971,Coat of Many Colors,Dolly Parton,"Folk, World, & Country",Country,GN,Buddha Records
308,302,1990,Fear of a Black Planet,Public Enemy,Hip Hop,Conscious,US,Columbia
309,303,1967,John Wesley Harding,Bob Dylan,Rock,"Folk Rock, Country Rock",US,Columbia
310,304,1994,Grace,Jeff Buckley,Rock,"Alternative Rock, Folk Rock",NL,Music on Vinyl
311,305,1998,Car Wheels on a Gravel Road,Lucinda Williams,"Folk, World, & Country","Country, Folk",XE,Mercury Records
312,306,1996,Odelay,Beck,"Electronic, Hip Hop, Funk / Soul, Pop","Electro, Downtempo, Hip Hop, Disco, Afrobeat, Abstract",ES,Bong Load Custom Records
313,307,1964,A Hard Day's Night,The Beatles,"Rock, Stage & Screen","Soundtrack, Beat, Pop Rock",US,Parlophone
314,308,1956,Songs for Swingin' Lovers!,Frank Sinatra,"Jazz, Pop","Vocal, Easy Listening",US,Capitol Records
315,309,1969,Willy and the Poor Boys,Creedence Clearwater Revival,Rock,"Blues Rock, Rock & Roll, Classic Rock",US,Fantasy
316,310,1991,Blood Sugar Sex Magik,Red Hot Chili Peppers,Rock,"Alternative Rock, Funk Metal",Unknown,Warner Bros. Records
317,311,1994,The Sun Records Collection,Various,"Rock, Funk / Soul, Blues, Pop, Folk, World, & Country","Country Blues, Rock & Roll, Rockabilly",US,Rhino
318,312,1988,Nothing's Shocking,Jane's Addiction,Rock,Alternative Rock,XE,Warner Bros. Records
319,313,1994,MTV Unplugged in New York,Nirvana,Rock,"Folk Rock, Acoustic, Grunge",US,Geffen Records
320,314,1998,The Miseducation of Lauryn Hill,Lauryn Hill,Hip Hop,"RnB/Swing, Conscious",US,Ruffhouse Records
321,315,1979,Damn the Torpedoes,Tom Petty and the Heartbreakers,Rock,"Soft Rock, Hard Rock, Pop Rock",XE,Geffen Records
322,316,1969,The Velvet Underground,The Velvet Underground,Rock,"Garage Rock, Art Rock, Experimental",US,"BMG Direct Marketing, Inc."
323,317,1988,Surfer Rosa,Pixies,Rock,Alternative Rock,XE,4AD
324,318,1972,Back Stabbers,The O'Jays,Funk / Soul,Soul,XW,Epic
325,319,1973,Burnin',The Wailers,Reggae,Reggae,XE,Tuff Gong
326,320,2001,Amnesiac,Radiohead,"Electronic, Rock","Alternative Rock, Experimental",AU,EMI
327,321,1972,Pink Moon,Nick Drake,"Rock, Folk, World, & Country","Folk, Folk Rock, Acoustic",XE,Island
328,322,1972,Sail Away,Randy Newman,"Rock, Pop",,US,Reprise Records
329,323,1981,Ghost in the Machine,The Police,"Rock, Pop","Alternative Rock, New Wave, Pop Rock",JP,Universal International
330,324,1976,Station to Station,David Bowie,"Rock, Funk / Soul","Classic Rock, Soul, Funk, Art Rock",US,RCA
331,325,1977,Slowhand,Eric Clapton,Rock,,US,Mobile Fidelity Sound Lab
332,326,1989,Disintegration,The Cure,"Electronic, Rock","New Wave, Alternative Rock",XE,Fiction
333,327,1993,Exile in Guyville,Liz Phair,Rock,"Lo-Fi, Indie Rock",US,Matador
334,328,1988,Daydream Nation,Sonic Youth,Rock,"Alternative Rock, Indie Rock",US,Geffen Records
335,329,1986,In the Jungle Groove,James Brown,Funk / Soul,"Soul, Funk",GB,Polydor
336,330,1975,Tonight's the Night,Neil Young,Rock,"Blues Rock, Folk Rock, Classic Rock",US,Reprise Records
337,331,1965,Help!,The Beatles,"Rock, Stage & Screen","Beat, Soundtrack, Pop Rock",AU,Parlophone
338,332,1982,Shoot Out the Lights,Richard & Linda Thompson,"Rock, Folk, World, & Country",Folk Rock,US,Ryko Records
339,333,1981,Wild Gift,X,Rock,"Rock & Roll, Punk",XW,Fat Possum Records
340,334,1979,Squeezing Out Sparks,Graham Parker & The Rumour,"Rock, Blues",,US,Arista
341,335,1994,Superunknown,Soundgarden,Rock,Alternative Rock,XE,A&M Records
342,336,2007,In Rainbows,Radiohead,"Electronic, Rock","Alternative Rock, Art Rock",JP,Hostess Entertainment Unlimited
343,337,1971,Aqualung,Jethro Tull,Rock,"Classic Rock, Prog Rock",US,Chrysalis
344,338,1968,Cheap Thrills,Big Brother & the Holding Company,Rock,"Folk Rock, Blues Rock, Psychedelic Rock",GB,Legacy
345,339,1974,The Heart of Saturday Night,Tom Waits,"Jazz, Pop, Folk, World, & Country","Contemporary Jazz, Spoken Word",AU,Asylum Records
346,340,1981,Damaged,Black Flag,Rock,"Hardcore, Punk",Unknown,Roadrunner Records
347,341,1999,Play,Moby,Electronic,"Breakbeat, Leftfield, Downtempo",AU,Mute
348,342,1990,Violator,Depeche Mode,Electronic,Synth-pop,US,Columbia House
349,343,1977,Bat Out of Hell,Meat Loaf,Rock,Pop Rock,CA,Epic
350,344,1973,Berlin,Lou Reed,Rock,Hard Rock,XE,RCA
351,345,1984,Stop Making Sense,Talking Heads,"Rock, Funk / Soul","Funk, Indie Rock, New Wave",US,Palm Pictures
352,346,1989,3 Feet High and Rising,De La Soul,Hip Hop,,GB,Tommy Boy
353,347,1967,The Piper at the Gates of Dawn,Pink Floyd,Rock,Psychedelic Rock,US,EMI
354,348,1960,Muddy Waters at Newport 1960,Muddy Waters,"Rock, Blues","Blues Rock, Chicago Blues",DE,Speakers Corner
355,349,2003,The Black Album,Jay Z,Hip Hop,,US,Roc‐A‐Fella Records
356,350,1966,Roger the Engineer,The Yardbirds,"Rock, Blues","Blues Rock, Pop Rock",US,The Great American Music Company
357,351,1979,Rust Never Sleeps,Neil Young & Crazy Horse,Rock,"Hard Rock, Arena Rock",XE,Reprise Records
358,352,1985,Brothers in Arms,Dire Straits,Rock,"AOR, Classic Rock",BR,Vertigo
359,353,2010,My Beautiful Dark Twisted Fantasy,Kanye West,Hip Hop,,US,Roc‐A‐Fella Records
360,354,1978,52nd Street,Billy Joel,"Jazz, Rock, Pop","Pop Rock, Ballad, Latin Jazz",JP,Sony Records International
361,355,1965,Having a Rave Up,The Yardbirds,Rock,"Blues Rock, Psychedelic Rock",US,Epic
362,356,1970,12 Songs,Randy Newman,"Rock, Pop","Pop Rock, Vocal",US,Reprise Records
363,357,1967,Between the Buttons,The Rolling Stones,Rock,"Blues Rock, Psychedelic Rock, Pop Rock",XE,ABKCO
364,358,1960,Sketches of Spain,Miles Davis,Jazz,Modal,US,Columbia
365,359,1972,Honky Chteau,Elton John,Rock,"Pop Rock,ÊClassic Rock",Unknown,Unknown
366,360,1979,Singles Going Steady,Buzzcocks,Rock,Punk,XE,Domino
367,361,2000,Stankonia,OutKast,"Hip Hop, Funk / Soul","Gangsta, P.Funk, Crunk, Conscious",US,"Vinyl Me, Please."
368,362,1993,Siamese Dream,The Smashing Pumpkins,Rock,Alternative Rock,XW,Virgin Records
369,363,1987,Substance 1987,New Order,Electronic,Synth-pop,FR,Factory
370,364,1971,L.A. Woman,The Doors,Rock,"Blues Rock, Classic Rock",GB,Rhino
371,365,1992,Rage Against the Machine,Rage Against the Machine,"Hip Hop, Rock",Funk Metal,US,SMV Enterprises
372,366,1994,American Recordings,Johnny Cash,"Folk, World, & Country","Country, Gospel, Folk",US,American Recordings
373,367,1998,Ray of Light,Madonna,"Electronic, Pop","House, Techno, Downtempo, Vocal, Ambient",ZA,Warner Bros. Records
374,368,1972,Eagles,Eagles,Rock,"Country Rock, Classic Rock",US,Warner Strategic Marketing
375,369,1987,Louder Than Bombs,The Smiths,Rock,"Alternative Rock, Indie Rock",XW,Rhino
376,370,1973,Mott,Mott the Hoople,Rock,Classic Rock,JP,Sony Records International
377,371,2006,"Whatever People Say I Am, That's What I'm Not",Arctic Monkeys,Rock,Indie Rock,JP,Domino
378,372,1979,Reggatta de Blanc,The Police,"Rock, Pop","New Wave, Pop Rock",DE,A&M Records
379,373,1969,Volunteers,Jefferson Airplane,Rock,"Psychedelic Rock, Folk Rock, Country Rock, Honky Tonk",US,RCA
380,374,1975,Siren,Roxy Music,Rock,"Art Rock, Pop Rock, Glam",US,Reprise Records
381,375,1974,Late for the Sky,Jackson Browne,Rock,Pop Rock,XE,Asylum Records
382,376,1995,Post,Bjork,Electronic,"Breakbeat, IDM, Electro",XW,One Little Independent Records
383,377,1991,The Ultimate Collection: 1948-1990,John Lee Hooker,Blues,"Country Blues, Electric Blues, Chicago Blues, Jump Blues",US,Rhino
384,378,1995,(What's the Story) Morning Glory?,Oasis,"Rock, Pop",Brit Pop,GB,Big Brother
385,379,1994,CrazySexyCool,TLC,"Electronic, Hip Hop, Funk / Soul",RnB/Swing,XW,LaFace Records
386,380,1973,Funky Kingston,Toots & The Maytals,Reggae,"Reggae Gospel, Reggae, Roots Reggae, Rocksteady",GB,Island
387,381,2011,The Smile Sessions,The Beach Boys,Rock,"Pop Rock, Psychedelic Rock",XW,Capitol Records
388,382,1976,The Modern Lovers,The Modern Lovers,Rock,"Art Rock, Indie Rock",US,Beserkley Records
389,383,1978,More Songs About Buildings and Food,Talking Heads,Rock,"New Wave, Indie Rock",GB,Sire Records
390,384,1966,A Quick One,The Who,Rock,"Mod, Beat, Psychedelic Rock",US,MCA Records
391,385,2001,"""Love and Theft""",Bob Dylan,Rock,"Folk Rock, Blues Rock",XE,Columbia
392,386,1974,Pretzel Logic,Steely Dan,"Jazz, Rock","Jazz-Rock, Pop Rock, Classic Rock",CA,MCA Records
393,387,1993,Enter the Wu_Tang: 36 Chambers,Wu Tang Clan,Hip Hop,Gangsta,US,Wu-Tang Records
394,388,1985,The Indestructible Beat of Soweto,Various Artists,"Funk / Soul,ÊFolk, World, & Country",African,US,Shanachie
395,389,1989,The End of the Innocence,Don Henley,Rock,Pop Rock,US,Geffen Records
396,390,2003,Elephant,The White Stripes,Rock,"Blues Rock, Garage Rock, Alternative Rock",CA,Third Man Records
397,391,1976,The Pretender,Jackson Browne,Rock,"Soft Rock, Pop Rock",XE,Asylum Records
398,392,1970,Let It Be,The Beatles,Rock,Pop Rock,US,Apple Records
399,392,1970,Let It Be,The Beatles,Rock,Pop Rock,US,Apple Records
400,393,2007,Kala,M.I.A.,"Electronic, Hip Hop, Reggae, Pop","Grime, Bollywood, Hip Hop, Dancehall",US,"Vinyl Me, Please."
401,394,1974,Good Old Boys,Randy Newman,"Rock, Pop","Pop Rock, Vocal",US,Rhino
402,395,2007,Sound of Silver,LCD Soundsystem,"Electronic, Rock","Leftfield, Alternative Rock, Electro, Disco",AU,EMI
403,396,1973,For Your Pleasure,Roxy Music,Rock,"Art Rock, Avantgarde, Glam",XE,E’G
404,397,1991,Blue Lines,Massive Attack,"Electronic, Reggae","Dub, Downtempo",GB,Wild Bunch Records
405,398,1983,Eliminator,ZZ Top,Rock,Pop Rock,US,Warner Bros. Records
406,399,1985,Rain Dogs,Tom Waits,"Rock, Blues",Blues Rock,CA,Island
407,400,1995,Anthology: The Best of The Temptations,The Temptations,"Electronic, Funk / Soul","Soul, Disco",XE,Motown
408,401,1999,Californication,Red Hot Chili Peppers,Rock,"Alternative Rock, Funk Metal",Unknown,Unknown
409,402,1994,Illmatic,Nas,Hip Hop,,XW,Columbia
410,403,1973,(pronounced 'leh-'nerd 'skin-'nerd),Lynyrd Skynyrd,Rock,"Blues Rock, Hard Rock, Southern Rock",GB,MCA Records
411,404,1972,Dr. John's Gumbo,Dr. John,Funk / Soul,"Bayou Funk, Funk, Rhythm & Blues",Unknown,Analogue Productions
412,405,1974,Radio City,Big Star,Rock,Power Pop,US,Stax
413,406,1993,Rid of Me,PJ Harvey,Rock,Indie Rock,CA,Island
414,407,1980,Sandinista!,The Clash,"Rock, Reggae","Rock & Roll, Dub, Punk",GB,CBS
415,408,1989,I Do Not Want What I Haven't Got,Sinead O'Connor,"Rock, Funk / Soul, Blues","Blues Rock, Rhythm & Blues, Soul",US,Chrysalis
416,409,1967,Strange Days,The Doors,Rock,Psychedelic Rock,US,Atlantic
417,410,1997,Time Out of Mind,Bob Dylan,"Rock, Blues",Blues Rock,XE,Columbia
418,411,1974,461 Ocean Boulevard,Eric Clapton,Rock,Blues Rock,XE,RSO
419,412,1977,Pink Flag,Wire,Rock,Punk,GB,Pinkflag
420,413,1984,Double Nickels on the Dime,Minutemen,Rock,"Alternative Rock, Hardcore, Punk",US,SST Records
421,414,1981,Beauty and the Beat,The Go Go's,Rock,Pop Rock,Unknown,Unknown
422,415,1978,Van Halen,Van Halen,Rock,Hard Rock,US,DCC Compact Classics
423,416,1999,Mule Variations,Tom Waits,"Electronic, Rock","Abstract, Art Rock",XW,Anti‐
424,417,1980,Boy,U2,Rock,"New Wave, Pop Rock",GB,Universal Island Records
425,418,1973,Band on the Run,Paul McCartney & Wings,Rock,Pop Rock,US,Concord Records
426,419,1994,Dummy,Portishead,Electronic,"Trip Hop, Downtempo",US,Go! Discs
427,420,1957,"The ""Chirping"" Crickets",The Crickets,"Rock, Pop","Rockabilly, Rock & Roll",US,Brunswick
428,421,1990,"The Best of the Girl Groups, Volume 1",Various Artists,"Rock,ÊPop","Pop Rock, Vocal",US,Rhino
429,422,1963,Presenting the Fabulous Ronettes Featuring Veronica,The Ronettes,"Rock, Pop","Rock & Roll, Vocal",US,Sundazed Music
430,423,2001,Anthology,Diana Ross & The Supremes,"Electronic, Funk / Soul","Pop Rock, Soul, Disco",US,Motown
431,424,2002,The Rising,Bruce Springsteen,Rock,"Folk Rock, Classic Rock",ES,Sony BMG Music Entertainment
432,425,1974,Grievous Angel,Gram Parsons,"Rock, Folk, World, & Country","Country Rock, Honky Tonk",US,"Vinyl Me, Please."
433,426,1978,Cheap Trick at Budokan,Cheap Trick,Rock,"Power Pop, Pop Rock, Arena Rock, Hard Rock",CA,Epic
434,427,2002,Sleepless,Peter Wolf,"Rock, Blues, Pop","Blues Rock, Pop Rock, Ballad",US,Artemis Records
435,428,1978,Outlandos d'Amour,The Police,Rock,"Alternative Rock, New Wave, Punk",JP,Universal International
436,429,1975,Another Green World,Brian Eno,Electronic,"Experimental, Ambient",JP,E’G
437,430,2007,Vampire Weekend,Vampire Weekend,Rock,Indie Rock,XW,Unknown
438,431,2000,"Stories From the City, Stories From the Sea",PJ Harvey,Rock,Indie Rock,GN,Island
439,432,1973,Here Come the Warm Jets,Brian Eno,Rock,"Art Rock, Glam",US,Editions EG
440,433,1970,All Things Must Pass,George Harrison,Rock,Pop Rock,JP,EMI
441,434,1972,#1 Record,Big Star,Rock,Power Pop,US,Ardent Records
442,435,1993,In Utero,Nirvana,Rock,"Grunge, Alternative Rock",US,Columbia House
443,436,2002,Sea Change,Beck,Rock,"Alternative Rock, Post Rock",US,DGC Records
444,437,2008,Tha Carter III,Lil Wayne,"Hip Hop, Funk / Soul","RnB/Swing, Screw, Pop Rap, Thug Rap",US,Cash Money Records
445,438,1979,Boys Don't Cry,The Cure,Rock,"New Wave, Post-Punk",GB,Fiction
446,439,1985,"Live at the Harlem Square Club, 1963",Sam Cooke,Funk / Soul,Soul,XW,RCA
447,440,1985,Rum Sodomy & the Lash,The Pogues,"Rock, Folk, World, & Country","Folk Rock, Celtic, Punk",XW,Warner Music UK
448,441,1977,Suicide,Suicide,"Electronic, Rock","New Wave, Experimental",DE,Ariola
449,442,1978,Q: Are We Not Men? A: We Are Devo!,DEVO,Rock,New Wave,US,Warner Bros. Records
450,443,1977,In Color,Cheap Trick,Rock,"Power Pop, Pop Rock, Hard Rock",XE,Legacy
451,444,1972,The World Is a Ghetto,War,Funk / Soul,Funk,US,Rhino
452,445,1976,Fly Like an Eagle,Steve Miller Band,Rock,Pop Rock,XW,Steve Miller
453,446,1970,Back in the USA,MC5,Rock,"Garage Rock, Rock & Roll",DE,Atlantic
454,447,1964,Getz / Gilberto,Stan GetzÊ/ÊJoao GilbertoÊfeaturingÊAntonio Carlos Jobim,Jazz,"Bossa Nova,ÊLatin Jazz",Unknown,Unknown
455,448,1983,Synchronicity,The Police,"Rock, Pop","New Wave, Pop Rock",JP,Universal International
456,449,1978,Third/Sister Lovers,Big Star,Rock,"Lo-Fi,ÊIndie Rock",Unknown,Unknown
457,450,1973,For Everyman,Jackson Browne,Rock,"Pop Rock, Classic Rock",XE,Asylum Records
458,451,2006,Back to Black,Amy Winehouse,"Funk / Soul, Pop",Soul,GB,Universal Records
459,452,1971,John Prine,John Prine,"Folk, World, & Country","Country, Folk",XW,Atlantic
460,453,1987,Strictly Business,EPMD,Hip Hop,,US,Fresh Records
461,454,1971,Love It to Death,Alice Cooper,Rock,Classic Rock,GB,Straight Records
462,455,1984,How Will the Wolf Survive?,Los Lobos,"Rock, Latin",Blues Rock,US,Warner Bros. Records
463,456,1978,"Here, My Dear",Marvin Gaye,Funk / Soul,Soul,US,Tamla
464,457,2005,Z,My Morning Jacket,Rock,Alternative Rock,XW,ATO Records
465,458,1970,Tumbleweed Connection,Elton John,"Rock, Folk, World, & Country","Soft Rock, Country Rock",XW,EMI
466,459,1968,The Drifters' Golden Hits,The Drifters,"Rock, Funk / Soul","Rhythm & Blues, Soul",US,Atlantic
467,460,1994,Live Through This,Hole,Rock,Grunge,JP,Geffen Records
468,461,1979,Metal Box,Public Image Ltd.,"Electronic, Rock","Post-Punk, Dub, Avantgarde, Experimental",JP,Columbia
469,462,1987,Document,R.E.M.,Rock,,CA,EMI Music Canada
470,463,1981,Heaven Up Here,Echo and The Bunnymen,Rock,"New Wave, Indie Rock",AU,Warner Music UK
471,464,1987,Hysteria,Def Leppard,Rock,"Hard Rock, Arena Rock",GB,Bludgeon Riffola
472,465,1999,69 Love Songs,The Magnetic Fields,"Electronic, Rock","Synth-pop, Indie Rock",US,Merge Records
473,466,2002,A Rush of Blood to the Head,Coldplay,Rock,"Alternative Rock, Pop Rock",ZA,Parlophone
474,467,1987,Tunnel of Love,Bruce Springsteen,Rock,,PT,Planeta DeAgostini
475,468,1965,The Paul Butterfield Blues Band,The Paul Butterfield Blues Band,"Rock, Blues","Blues Rock, Electric Blues, Chicago Blues, Modern Electric Blues, Harmonica Blues",US,Audio Fidelity
476,469,1996,The Score,Fugees,Hip Hop,"Pop Rap, Conscious",ES,CBS/Sony
477,470,1985,Radio,L.L. Cool J,Hip Hop,,US,Columbia
478,471,1974,I Want to See the Bright Lights Tonight,Richard & Linda Thompson,Rock,"Classic Rock, Folk Rock",GB,Island
479,472,1987,Faith,George Michael,"Electronic, Rock, Funk / Soul, Blues, Pop","Downtempo, Soft Rock, Pop Rock, Synth-pop",JP,Epic
480,473,1984,The Smiths,The Smiths,Rock,Indie Rock,XE,wea
481,474,2001,Proxima estacion: Esperanza,Manu Chao,"Rock, Reggae, Latin","Folk Rock, Reggae, Reggae-Pop",FR,Virgin France S.A.
482,475,1979,Armed Forces,Elvis Costello & The Attractions,Rock,"New Wave, Pop Rock",US,Columbia
483,476,1997,Life After Death,The Notorious B.I.G.,Hip Hop,,US,Bad Boy Entertainment
484,477,1996,Down Every Road,Merle Haggard,"Folk, World, & Country",Country,US,Capitol Records Nashville
485,478,2002,All Time Greatest Hits,Loretta Lynn,"Folk, World, & Country",Country,US,MCA Nashville
486,479,1971,Maggot Brain,Funkadelic,"Rock, Funk / Soul","P.Funk, Psychedelic Rock",US,Westbound Records
487,480,1995,Only Built 4 Cuban Linx,Raekwon,Hip Hop,,JP,RCA
488,481,2000,Voodoo,D'Angelo,"Hip Hop, Funk / Soul","Soul, Funk, Neo Soul",US,EMI
489,482,1986,Guitar Town,Steve Earle,"Rock, Folk, World, & Country","Country, Honky Tonk",US,MCA Nashville
490,483,1979,Entertainment!,Gang of Four,Rock,"Post-Punk, New Wave",Unknown,Rhino
491,484,1972,All the Young Dudes,Mott the Hoople,Rock,"Classic Rock, Glam",CA,Columbia
492,485,1994,Vitalogy,Pearl Jam,Rock,"Alternative Rock, Hard Rock",US,Legacy
493,486,1975,That's the Way of the World,"Earth, Wind & Fire",Funk / Soul,"Soul, Funk, Disco",US,Columbia
494,487,1983,She's So Unusual,Cyndi Lauper,"Electronic, Rock","Pop Rock, Synth-pop",XE,Portrait
495,488,1985,New Day Rising,Husker Du,Rock,"Alternative Rock, Hardcore, Punk",JP,SST Records
496,489,1976,Destroyer,KISS,Rock,Hard Rock,JP,Mercury Records
497,490,1973,Tres hombres,ZZ Top,Rock,"Blues Rock, Classic Rock",XW,Warner Bros. Records
498,491,1967,Born Under a Bad Sign,Albert King,"Funk / Soul, Blues","Electric Blues, Rhythm & Blues, Soul",DE,Speakers Corner
499,492,1983,Touch,Eurythmics,"Electronic, Pop","New Wave, Synth-pop",JP,RCA
500,493,2002,Yankee Hotel Foxtrot,Wilco,Rock,Alternative Rock,XW,Nonesuch
501,494,2007,Oracular Spectacular,MGMT,"Electronic, Rock, Pop","Synth-pop, Indie Rock",AU,Columbia
502,495,1972,Give It Up,Bonnie Raitt,Rock,Blues Rock,XE,Warner Bros. Records
503,496,1969,Boz Scaggs,Boz Scaggs,Rock,Pop Rock,XW,Rhino Atlantic
504,497,2001,White Blood Cells,The White Stripes,Rock,"Indie Rock, Alternative Rock, Blues Rock, Garage Rock",XE,XL Recordings
505,498,1989,The Stone Roses,The Stone Roses,Rock,Indie Rock,XE,Silvertone Records
506,499,1971,Live in Cook County Jail,B.B. King,Blues,Electric Blues,Unknown,MCA Records
507,500,1998,Aquemini,OutKast,Hip Hop,"Reggae, Gangsta, Soul, Conscious",XW,Arista
