Number,Year,Album,Artist,Genre,Subgenre,musicbrainz_id,release_date,country,label,genres
1,1967,Sgt. Pepper's Lonely Hearts Club Band,The Beatles,Rock,"Rock & Roll, Psychedelic Rock",82190d2e-067c-41f0-883c-167e9757d3da,1987-06-01,GB,Parlophone,"['rock', 'pop', 'psychedelic rock', 'pop rock', 'rock and roll']"
2,1966,Pet Sounds,The Beach Boys,Rock,"Pop Rock, Psychedelic Rock",498bddd0-b8cf-4691-850f-296bd008138f,2012-02-14,US,Mobile Fidelity Sound Lab,[]
3,1966,Revolver,The Beatles,Rock,"Psychedelic Rock, Pop Rock",e41bc6ab-cbdf-45d5-a9de-6c1898edaca3,2009-09-09,US,Parlophone,[]
4,1965,Highway 61 Revisited,Bob Dylan,Rock,"Folk Rock, Blues Rock",3b436ed5-e23d-471e-961c-db3b6eac08fc,2003,XE,Columbia,[]
5,1965,Rubber Soul,The Beatles,"Rock, Pop",Pop Rock,63dbe6ee-276a-3732-abc9-f523e2002ff2,1989,CA,Parlophone,[]
6,1971,What's Going On,Marvin Gaye,Funk / Soul,Soul,b17ab157-9871-4c94-bd04-147bf86f33d3,2021-01-22,XW,Motown,[]
7,1972,Exile on Main St.,The Rolling Stones,Rock,"Blues Rock, Rock & Roll, Classic Rock",84bb0c3f-437a-4358-99cf-c7532ba4e3f4,2010-05-18,US,Capitol Records,[]
8,1979,London Calling,The Clash,Rock,"Punk, New Wave",0fa7c9b4-bf6c-4426-a49b-fdbda7810e13,2008-12-24,JP,Sony Music Japan International Inc.,[]
9,1966,Blonde on Blonde,Bob Dylan,"Rock, Blues","Folk Rock, Rhythm & Blues",adf6d06d-d2cb-4cc3-ab02-d458ef268d5e,2010-11-10,JP,Sony Music Japan International Inc.,[]
10,1968,"The Beatles (""The White Album"")",The Beatles,Rock,"Rock & Roll, Pop Rock, Psychedelic Rock, Experimental",Unknown,Unknown,Unknown,Unknown,[]
11,1976,The Sun Sessions,Elvis Presley,Rock,Rock & Roll,5001d94d-e63f-427e-93e5-1b4c1ae8e97c,1979,GB,RCA,[]
12,1959,Kind of Blue,Miles Davis,Jazz,Modal,bf48ae37-e630-4e45-92ab-e2e1d6d3a656,2020,XE,Groove Replica,[]
13,1967,The Velvet Underground & Nico,The Velvet Underground,Rock,"Garage Rock, Art Rock, Experimental",2b645963-cc81-4d88-aa70-84015487933b,2012-11-06,US,Polydor,[]
14,1969,Abbey Road,The Beatles,Rock,"Psychedelic Rock, Classic Rock, Pop Rock",eca8996a-a637-3259-ba07-d2573c601a1b,1969-11-09,DE,Apple Records,[]
15,1967,Are You Experienced,The Jimi Hendrix Experience,"Rock, Blues","Blues Rock, Psychedelic Rock",3085debf-2962-41f2-a203-23b6d3bbf93d,1993,US,MCA Records,[]
16,1975,Blood on the Tracks,Bob Dylan,Rock,"Folk Rock, Acoustic, Ballad",abefacd6-6e11-4add-b4e3-6f21de43f96c,1981,US,Columbia,[]
17,1991,Nevermind,Nirvana,Rock,"Alternative Rock, Grunge",2feb350a-41c3-4358-addd-5b66ce2c34ba,2011-09-23,DE,DGC Records,[]
18,1975,Born to Run,Bruce Springsteen,Rock,Pop Rock,ebfca51d-ffce-49bb-9b31-d51c91bfc3c0,1983-10,ES,CBS,[]
19,1968,Astral Weeks,Van Morrison,"Jazz, Rock, Blues, Folk, World, & Country","Acoustic, Classic Rock, Free Improvisation",430e769d-2271-4ad1-8bfa-6d1839dda824,,KR,Warner Music Korea,[]
20,1982,Thriller,Michael Jackson,"Funk / Soul, Pop",Disco,9c4c939e-5697-44d3-b2f2-b04226cf15f8,1982,US,Epic,[]
21,1982,The Great Twenty_Eight,Chuck Berry,Rock,Rock & Roll,e93c3ff6-87d5-4277-adc5-4cbce11954ea,1984,US,"BMG Direct Marketing, Inc.",[]
22,1990,The Complete Recordings,Robert Johnson,Blues,Delta Blues,40da872e-ba09-4b1f-93a2-828e18f51f3c,1990-11-21,JP,CBS/Sony,[]
23,1970,John Lennon/Plastic Ono Band,John Lennon / Plastic Ono Band,Rock,Pop Rock,00604a86-c835-4cd7-940e-37a3d7d427a1,1992,US,Apple Records,[]
24,1973,Innervisions,Stevie Wonder,Funk / Soul,Soul,15c5fff1-6d7b-4988-958a-9771e5c2daa2,,CA,Tamla Motown,[]
25,1963,"Live at the Apollo, 1962",James Brown,Funk / Soul,"Rhythm & Blues, Soul",b3767d57-f29d-45be-b63a-b315c58f7066,2004,CA,Polydor,[]
26,1977,Rumours,Fleetwood Mac,Rock,Pop Rock,b8fb140b-6fb2-4243-b25b-7edf3703443d,1977,US,Warner Bros. Records,[]
27,1987,The Joshua Tree,U2,Rock,"Alternative Rock, Pop Rock",6ca750a2-837b-456a-90d9-6ef5298b8cfc,1987-03-09,GB,Island,[]
28,1971,Who's Next,The Who,Rock,"Hard Rock, Mod, Prog Rock, Psychedelic Rock",9009baa9-cfc3-440f-9d48-deb0c1406c5a,,US,MCA Records,[]
29,1969,Led Zeppelin,Led Zeppelin,Rock,"Blues Rock, Hard Rock",eca4f64f-78af-471d-86fe-24ed1b3a3e6b,2018-09-27,XW,Atlantic,[]
30,1971,Blue,Joni Mitchell,Pop,"Acoustic, Ballad, Folk",20a6fdef-9463-4c5a-99f7-1bff89d536d1,2013-05-28,US,Reprise Records,[]
31,1965,Bringing It All Back Home,Bob Dylan,"Rock, Folk, World, & Country","Folk Rock, Folk",8a6c9201-7639-4196-a996-75631143e56e,2018-06-20,JP,Sony Records International,[]
32,1969,Let It Bleed,The Rolling Stones,Rock,"Blues Rock, Hard Rock",0940b1a7-9820-4dd4-aa02-bdcef097bcba,2019-11-01,US,ABKCO,[]
33,1976,Ramones,Ramones,Rock,"Rock & Roll, Punk",55089945-8a4f-4629-9841-1f8da48e5bdd,2001-06-19,US,Sire Records,[]
34,1968,Music From Big Pink,The Band,Rock,"Folk Rock, Acoustic, Blues Rock",29027537-09f1-30cf-9b1f-a15958c2d113,2000-09-11,GB,Capitol Records,[]
35,1972,The Rise and Fall of Ziggy Stardust and the Spiders From Mars,David Bowie,Rock,"Classic Rock, Glam",1d0bb190-21dd-4868-b126-d2f15cf6f446,2012-06,XE,EMI,[]
36,1971,Tapestry,Carole King,"Rock, Pop","Folk Rock, Soft Rock",aab8c15e-c06c-4163-b098-498b2080f231,2008,US,Legacy,"['pop', 'folk rock', 'soft rock', 'pop rock']"
37,1976,Hotel California,Eagles,Rock,Classic Rock,e38dc685-45a2-3350-8901-64ec9941e652,1992,US,DCC Compact Classics,[]
38,2001,The Anthology,Muddy Waters,"Folk, World, & Country",Folk,fb04a209-3b71-4388-92a0-b5d3eed241fb,2001-08-28,US,MCA Records,"['chicago blues', 'electric blues', 'delta blues', 'blues']"
39,1963,Please Please Me,The Beatles,Rock,"Beat, Rock & Roll",c6be540c-390d-44b1-9139-40aa9c11548f,2002,RU,SomeWax,['фонотека меломана']
40,1967,Forever Changes,Love,Rock,"Folk Rock, Psychedelic Rock",96f03be7-cd66-47b3-89f2-5dd02b52910a,2016-09-02,US,Mobile Fidelity Sound Lab,[]
41,1977,Never Mind the Bollocks Here's the Sex Pistols,Sex Pistols,Rock,Punk,19d3596d-ebd3-44b4-977b-c0c0bbdb064b,1988,US,"BMG Direct Marketing, Inc.",[]
42,1967,The Doors,The Doors,Rock,Psychedelic Rock,cd0b694a-f3b6-4b46-80af-10435971d536,1980,US,Mobile Fidelity Sound Lab,[]
43,1973,The Dark Side of the Moon,Pink Floyd,Rock,Prog Rock,bdd366fd-67be-4dfe-a7fb-00a216eaa3ed,Unknown,Unknown,Pink Floyd Records,"['rock', 'progressive rock', 'progressive', 'psychedelic rock', 'art rock', 'classic rock']"
44,1975,Horses,Patti Smith,Rock,Art Rock,b1f741b8-5970-3466-b988-95331d74d982,2005-11-08,US,Arista,[]
45,1969,"The Band (""The Brown Album"")",The Band,"Classical, Stage & Screen","Soundtrack, Modern Classical, Contemporary, Score",Unknown,Unknown,Unknown,Unknown,[]
46,1984,Legend: The Best of Bob Marley and The Wailers,Bob Marley & The Wailers,Reggae,"Reggae, Roots Reggae",07d3c7a5-d3a5-454a-aeb7-fe0e50df61e9,,ZA,Tuff Gong,[]
47,1965,A Love Supreme,John Coltrane,Jazz,"Free Jazz, Hard Bop, Modal",5867b645-5ea5-4f34-bbad-12948b9ba5f0,2000-01-24,GB,Castle Pie,[]
48,1988,It Takes a Nation of Millions to Hold Us Back,Public Enemy,Hip Hop,Conscious,f54d0e54-86d7-4e9d-975a-3fbf81c6ac80,1988-06-28,US,Def Jam Recordings,[]
49,1971,At Fillmore East,The Allman Brothers Band,"Rock, Blues",Blues Rock,c0df8e86-86b2-43a9-be8a-d990a6d110c4,2003,US,Classic Records,[]
50,1957,Here's Little Richard,Little Richard,"Rock, Blues","Rock & Roll, Rhythm & Blues",731ce9bc-e00a-32b9-88c1-c938c2c17955,2008-05-19,DE,Hallmark Records,['rock']
51,1970,Bridge Over Troubled Water,Simon & Garfunkel,Rock,"Folk Rock, Classic Rock",137ec3f5-4716-4955-9a8f-7e28b59cf9b1,2011-03-29,GB,Legacy,[]
52,1975,Greatest Hits,Al Green,Funk / Soul,Soul,9b598065-10fc-4ca7-83eb-7dd910e18da0,1998,US,DCC Compact Classics,[]
53,1964,Meet The Beatles!,The Beatles,Rock,"Beat, Rock & Roll",b6a282b2-aced-4370-8787-80c959d37c0d,2014-01-17,XE,Capitol Records,[]
54,1991,The Birth of Soul,Ray Charles,"Jazz, Funk / Soul","Rhythm & Blues, Big Band, Soul, Soul-Jazz",10751024-6530-4dc5-be0c-6d37bca3aefc,1991-10-01,US,Atlantic,[]
55,1968,Electric Ladyland,The Jimi Hendrix Experience,"Rock, Blues","Electric Blues, Psychedelic Rock",6e784268-575a-4074-9d6a-d12dba926a5e,2010,US,Experience Hendrix,[]
56,1956,Elvis Presley,Elvis Presley,Rock,"Rock & Roll, Rockabilly",5b7c69ea-78dd-4e38-8ef1-0d1f84597af3,2011-09-27,US,Legacy,[]
57,1976,Songs in the Key of Life,Stevie Wonder,Funk / Soul,"Soul, Disco",3e5c83ab-526e-4bad-83ec-a0e5c47c4b27,2000,AU,Tamla Motown,[]
58,1968,Beggars Banquet,The Rolling Stones,"Rock, Funk / Soul, Pop","Blues Rock, Southern Rock, Classic Rock",ba9b6769-348e-49ff-8b69-6e013b74c150,2011-03,US,ABKCO,"['rock', 'blues rock', 'classic rock']"
59,1976,Chronicle: The 20 Greatest Hits,Creedence Clearwater Revival,Rock,,afc4e0e3-dba5-4805-829b-d314fab44cd0,1995-08-10,US,Fantasy,['swamp rock']
60,1969,Trout Mask Replica,Captain Beefheart & His Magic Band,"Rock, Blues","Dialogue, Field Recording, Avantgarde, Electric Blues, Psychedelic Rock, Experimental",1fc12fd4-aba4-4d01-98d8-3cca591cfee0,1989-03,XE,Reprise Records,[]
61,1970,Greatest Hits,Sly & The Family Stone,Funk / Soul,"Rhythm & Blues, Funk",57cb2dbb-8c80-4712-aa76-d3d3ef1b5a04,1992,AU,Epic,[]
62,1987,Appetite for Destruction,Guns N' Roses,Rock,"Hard Rock, Heavy Metal",c22bc8c6-976e-4a33-92a4-806a24af3c91,2018,CO,Geffen Records,[]
63,1991,Achtung Baby,U2,"Electronic, Rock","Pop Rock, Synth-pop, Alternative Rock, Arena Rock",df2eb860-19cb-431c-919b-51bc86fb2f70,2011-11-01,US,Island,[]
64,1971,Sticky Fingers,The Rolling Stones,Rock,Classic Rock,3dd10df7-7963-3b1f-872e-c18801632704,2009-05-05,US,Rolling Stones Records,"['rock', 'classic rock', 'blues rock', 'hard rock', 'blues']"
65,1991,Back to Mono (1958-1969),Phil Spector,"Rock, Funk / Soul, Pop","Doo Wop, Pop Rock, Ballad, Rhythm & Blues",Unknown,Unknown,Unknown,Unknown,[]
66,1970,Moondance,Van Morrison,"Jazz, Rock, Funk / Soul, Folk, World, & Country","Folk Rock, Rhythm & Blues, Classic Rock, Contemporary Jazz",c730114b-34ab-40f8-9221-1870259aa8fe,2013-10-22,US,Warner Bros. Records,[]
67,2000,Kid A,Radiohead,"Electronic, Rock","Alternative Rock, IDM, Experimental",51d3d777-b44d-46ad-b82d-10c235b2d860,2009,US,Parlophone,"['rock', 'alternative rock']"
68,1979,Off the Wall,Michael Jackson,"Funk / Soul, Pop","Disco, Soul, Ballad",51eb7ddf-0254-4482-9b04-b00e88c6c459,,US,Unknown,[]
69,1971,[Led Zeppelin IV],Led Zeppelin,Rock,"Hard Rock, Classic Rock, Blues Rock",b41c9d20-e263-4961-86e8-c90b413dcf02,,US,Atlantic,[]
70,1977,The Stranger,Billy Joel,Rock,Pop Rock,c168c484-1969-3c12-b064-536993e3b658,2004-11-03,JP,Sony Records International,[]
71,1986,Graceland,Paul Simon,"Jazz, Rock, Funk / Soul, Pop, Folk, World, & Country","Folk Rock, Pop Rock, African, Afrobeat, Zydeco, Funk, Rhythm & Blues",492ddbd2-fa2b-497f-a6b5-fee4338b1731,2007-03-06,US,Rhino,"['rock', 'pop', 'folk', 'worldbeat']"
72,1972,Superfly,Curtis Mayfield,"Funk / Soul, Stage & Screen","Soundtrack, Soul",1074e07a-1a20-4785-bf24-b29d04a26c93,2011-07-20,JP,Curtom Records,[]
73,1975,Physical Graffiti,Led Zeppelin,Rock,Classic Rock,c8b7e9c2-4b4a-4881-b9f1-b279f837ddc2,,US,"BMG Direct Marketing, Inc.",[]
74,1970,After the Gold Rush,Neil Young,Rock,"Rock & Roll, Country Rock",79570854-e6f2-4d86-8aef-fabe194166e5,1987,US,Reprise Records,"['rock', 'country rock']"
75,1991,Star Time,James Brown,Funk / Soul,"Soul, Funk, Disco",6e78af7b-0b8b-475f-948c-57e8c83e9660,1991,CA,Polydor,"['funk', 'soul']"
76,1984,Purple Rain,Prince and the Revolution,"Electronic, Rock, Funk / Soul, Stage & Screen","Pop Rock, Funk, Soundtrack, Synth-pop",4ade04dd-f82b-42f3-b8f7-9b7b31905690,1984,US,Warner Bros. Records,[]
77,1980,Back in Black,AC/DC,Rock,Hard Rock,cd666a28-355b-3a2b-a321-35aab16c4f89,1987-02,US,Atlantic,['hard rock']
78,1965,Otis Blue: Otis Redding Sings Soul,Otis Redding,Funk / Soul,Soul,21a101e1-7f97-305c-96bb-fa48e1cc94d0,2008-07-15,US,ATCO Records,[]
79,1969,Led Zeppelin II,Led Zeppelin,Rock,"Blues Rock, Classic Rock, Hard Rock",2c2d301d-30de-44fd-89f4-e2d78a4a9de2,,DE,Atlantic,[]
80,1971,Imagine,John Lennon,Rock,Pop Rock,ae1c2dcb-1034-38d0-9c34-a77ba91fbb9a,2000-04-11,US,Capitol Records,[]
81,1977,The Clash,The Clash,Rock,Punk,3ccc1d79-1443-4687-bb5a-681544a32ce4,,XE,CBS,[]
82,1972,Harvest,Neil Young,Rock,"Folk Rock, Country Rock, Classic Rock",c681b3b5-1649-4221-a6bb-4d60d9ea30a4,2009-01-21,JP,Reprise Records,[]
83,1967,Axis: Bold as Love,The Jimi Hendrix Experience,Rock,"Psychedelic Rock, Electric Blues",9c0bfe3b-2e26-4236-ad9d-cb3d2d04eb98,2010-03-08,XE,Sony Music,[]
84,1967,I Never Loved a Man the Way I Love You,Aretha Franklin,Funk / Soul,Soul,9097f746-5073-4768-a5d6-ae1a1c51cdf7,1988-12-21,JP,Atlantic,[]
85,1968,Lady Soul,Aretha Franklin,Funk / Soul,Soul,6b1a0751-7e7f-4528-b7c5-7dc719ac5711,1998-05-29,JP,Atlantic,[]
86,1984,Born in the U.S.A.,Bruce Springsteen,Rock,Pop Rock,ddcf38fc-1658-48c4-83d8-df8f4b7c0b0d,2008-11-23,ES,Sony BMG Music Entertainment,[]
87,1979,The Wall,Pink Floyd,Rock,"Alternative Rock, Prog Rock",bda29f4e-4af3-406a-b536-14892aa635af,2011-09-26,FR,EMI,[]
88,1968,At Folsom Prison,Johnny Cash,"Folk, World, & Country",Country,6f571ef4-b114-4b9e-9ee4-7da1e8c43718,2014-05,US,Legacy,[]
89,1969,Dusty in Memphis,Dusty Springfield,"Rock, Funk / Soul","Pop Rock, Soul",48c32b33-63b3-420d-a4e3-fe070d22bb57,1990,NL,Philips,[]
90,1972,Talking Book,Stevie Wonder,Funk / Soul,"Soul, Funk",e8459b8c-bdde-42ea-bc5e-acd89b8866fb,1986,US,Tamla,"['funk', 'soul', 'funk / soul']"
91,1973,Goodbye Yellow Brick Road,Elton John,Rock,"Pop Rock, Classic Rock",4fdbb11b-916c-41e5-b465-cb77112c49b7,2003,US,Island,[]
92,1978,20 Golden Greats,Buddy Holly,Rock,Rock & Roll,ebea9dbd-ed1c-38aa-8026-92562b23a7ec,1978,GB,MCA Records,[]
93,1987,"Sign ""Peace"" the Times",Prince,"Rock, Reggae","Ska, Reggae-Pop",a07ac411-6cfa-3cad-ae32-5157bb8af825,1987,DE,Paisley Park,[]
94,1984,40 Greatest Hits,Hank Williams,"Folk, World, & Country",Country,42a688de-3c8e-438f-acc7-a241ca26acb5,1978,GB,Polydor,[]
95,1970,Bitches Brew,Miles Davis,Jazz,Fusion,e20153d0-4bef-4f4f-963e-71967da294b9,,XE,CBS,[]
96,1969,Tommy,The Who,Rock,Psychedelic Rock,545d4ae8-52da-43cb-af5b-50721267f1d8,1984,US,MCA Records,[]
97,1963,The Freewheelin' Bob Dylan,Bob Dylan,"Folk, World, & Country",Folk,85dd105e-0208-4be5-adb8-76c29d922771,2010-10-19,XW,Legacy,[]
98,1978,This Year's Model,Elvis Costello,Rock,New Wave,3f438bcd-d69b-4309-94ca-2de4a8d8a53a,,XE,Demon Records,[]
99,1971,There's a Riot Goin' On,Sly & The Family Stone,Funk / Soul,"Rhythm & Blues, Funk",2409760b-b3e6-49a7-ac5d-6e1c5dc375e3,2023-07,US,"Vinyl Me, Please.",[]
100,1968,Odessey and Oracle,The Zombies,Rock,Psychedelic Rock,a37d5f76-6f06-409a-8244-a305ce085622,2003,RU,[no label],[]
101,1955,In the Wee Small Hours,Frank Sinatra,"Jazz, Pop","Big Band, Ballad",ccd70b89-4b5e-4571-a854-90ea716e5bbe,2010-12-21,XE,Blue Moon,[]
102,1966,Fresh Cream,Cream,"Rock, Blues","Blues Rock, Electric Blues",f6505789-0220-369b-a778-fe7e4941702d,1984,US,RSO,[]
103,1959,Giant Steps,John Coltrane,Jazz,Hard Bop,d4414a90-a3e1-42f1-92bd-ad6ff1f743c2,,CA,Atlantic,[]
104,1970,Sweet Baby James,James Taylor,Rock,"Folk Rock, Acoustic, Soft Rock",2d6332b4-d847-435b-b5bf-daf845e4999e,2019,XW,Rhino,[]
105,1962,Modern Sounds in Country and Western Music,Ray Charles,"Funk / Soul, Folk, World, & Country","Country, Rhythm & Blues",b72226cf-cec5-4a4e-9cd9-86d9e5005860,2018,XE,Jazz Images,[]
106,1977,Rocket to Russia,Ramones,Rock,"Rock & Roll, Punk",fe855f90-57ac-4227-9d4c-dc9223a89cbb,1977,PT,Sire Records,[]
107,2003,Portrait of a Legend 1951-1964,Sam Cooke,"Latin, Funk / Soul","Soul, Rhythm & Blues, Gospel, Cha-Cha",adf924e8-8a2d-4e16-bf56-ebffd5bec3b5,2003-06-17,US,ABKCO,[]
108,1971,Hunky Dory,David Bowie,Rock,"Classic Rock, Glam",04490fb2-a861-3db8-a8c6-386d8f9da1dc,1996-07-02,US,Rykodisc,[]
109,1966,Aftermath,The Rolling Stones,Rock,"Blues Rock, Pop Rock",114d29f8-d505-44df-9e14-a876bcde1b9f,2006-03-16,JP,ABKCO,[]
110,1970,Loaded,The Velvet Underground,Rock,"Art Rock, Classic Rock",c4f65037-c685-48ab-89b6-af226335b964,2015-10-30,US,Cotillion,[]
111,1995,The Bends,Radiohead,Rock,Alternative Rock,212255d2-94c7-4afe-bd42-5911d78d27d4,1995,GB,Parlophone,[]
112,1966,If You Can Believe Your Eyes and Ears,The Mamas and the Papas,Rock,"Folk Rock, Pop Rock",d2229f75-31e8-45a0-99ec-1f84fd37db45,2011-10-24,US,Universal Music Special Markets,[]
113,1974,Court and Spark,Joni Mitchell,Rock,"Soft Rock, Pop Rock",92c3c9fb-c899-4f14-9c24-d439a22e934d,1997-06,US,Asylum Records,[]
114,1967,Disraeli Gears,Cream,Rock,"Psychedelic Rock, Blues Rock",5ccfc5e6-6ce3-4edd-adf8-34d4830f584f,2004,US,Polydor,[]
115,1967,The Who Sell Out,The Who,Rock,"Psychedelic Rock, Mod",cd52c0aa-6f58-4b71-8fa4-972a8a4427d5,1998,US,MCA Records,[]
116,1965,Out of Our Heads,The Rolling Stones,Rock,"Blues Rock, Rock & Roll",03a57f9c-fc5f-43d6-ae8e-449b6f0f4d57,2006-03-16,JP,ABKCO,[]
117,1970,Layla and Other Assorted Love Songs,Derek and the Dominos,Rock,Blues Rock,81b90f51-d427-3c48-be3c-c668637b7190,1990,US,PolyGram,[]
118,2005,Late Registration,Kanye West,Hip Hop,,b3880f46-7ff8-46b8-86dc-57f5ffa5aea4,2005-08-30,US,Roc‐A‐Fella Records,['hip hop']
119,1960,At Last!,Etta James,"Funk / Soul, Blues","Rhythm & Blues, Soul",3d0b96d4-f963-4efb-b1ee-72733f8d4b79,2011,DE,Argo,[]
120,1968,Sweetheart of the Rodeo,The Byrds,Rock,"Folk Rock, Country Rock",7927adc0-7795-46b2-b144-3e4bdb4f51fd,1987,GB,Edsel Records,[]
121,1969,Stand!,Sly & The Family Stone,Funk / Soul,"Funk, Psychedelic, Disco",17f29236-acea-3223-ace5-b4dd4e25414e,1990,US,Epic,[]
122,1972,The Harder They Come,Various Artists,"Reggae,ÊPop,ÊFolk, World, & Country,ÊStage & Screen","Reggae,ÊRoots Reggae,ÊRocksteady,ÊContemporary,ÊSoundtrack",3995aa6f-7425-4007-8868-c5bca5b3a5e4,2001,US,Island,[]
123,1986,Raising Hell,Run D.M.C.,Hip Hop,,Unknown,Unknown,Unknown,Unknown,[]
124,1967,Moby Grape,Moby Grape,Rock,"Folk Rock, Psychedelic Rock",848888eb-1fc8-43f6-9cab-bb9b0d50068e,2007-10-09,US,Sundazed Music,[]
125,1971,Pearl,Janis Joplin,"Rock, Blues",Blues Rock,b9ed6fea-9c01-4513-bd14-7650ec6e0a85,1985,JP,CBS/Sony,[]
126,1973,Catch a Fire,The Wailers,Reggae,Roots Reggae,111b07d0-87db-4baf-aa8f-686224367fe7,2001-03-21,US,Island,[]
127,1967,Younger Than Yesterday,The Byrds,Rock,"Folk Rock, Psychedelic Rock",ab3185c1-aa17-4666-9063-cbf29bb41823,1967-04-07,GB,CBS,[]
128,1973,Raw Power,Iggy and The Stooges,Rock,"Garage Rock, Hard Rock, Punk",8ac7c599-db84-4107-a4b2-7daa2685c145,2016-12-26,XW,Unknown,[]
129,1980,Remain in Light,Talking Heads,"Electronic, Rock","New Wave, Art Rock, Funk",d30682b7-d0bb-4160-914c-7b4084f18d27,2013-04-01,XE,Sire Records,[]
130,1977,Marquee Moon,Television,Rock,"New Wave, Punk",e4684fca-8c12-3533-81af-852158b5a635,1988-09-25,JP,Warner-Pioneer Corporation,[]
131,1970,Paranoid,Black Sabbath,Rock,"Hard Rock, Heavy Metal",3537864f-8912-45f6-bc6c-c1fc9b3aa9ec,1970,NL,Vertigo,[]
132,1977,Saturday Night Fever: The Original Movie Sound Track,Various Artists,"Electronic,ÊStage & Screen","Soundtrack,ÊDisco",c8b5f635-3026-320b-a0cb-c8b93557b545,1998-01-13,US,Mobile Fidelity Sound Lab,[]
133,1973,"The Wild, the Innocent & the E Street Shuffle",Bruce Springsteen,Rock,,6858ff09-7b86-421f-89d5-0eae47b03615,1983,XE,CBS,[]
134,1994,Ready to Die,The Notorious B.I.G.,Hip Hop,Thug Rap,17a39170-170e-4f1f-ae43-06ed32a7d931,2017-09,US,Bad Boy Records,[]
135,1992,Slanted and Enchanted,Pavement,Rock,Alternative Rock,547b6b75-d81d-4d9e-a3a5-c2115224edaf,1992-04-20,XW,Unknown,[]
136,1974,Greatest Hits,Elton John,Rock,Classic Rock,b36334aa-e979-431c-885f-dba0891b8395,1974,CA,MCA Records,[]
137,1985,Tim,The Replacements,Rock,Indie Rock,baf87e63-7b65-412f-908a-d7819bba8159,1990-04-04,CA,Sire Records,[]
138,1992,The Chronic,Dr. Dre,Hip Hop,Gangsta,788d8a99-9ae0-4784-9dac-33a9403d5139,2020-04-20,US,Death Row Records,"['hip hop', 'g-funk', 'west coast hip hop']"
139,1974,Rejuvenation,The Meters,Funk / Soul,"Bayou Funk, Soul",14b3f6ef-832a-4356-b187-493abfe0bc67,Unknown,Unknown,Unknown,[]
140,1978,Parallel Lines,Blondie,"Electronic, Rock","New Wave, Pop Rock, Punk, Disco",ae981a21-b8ea-4507-8ecd-968bbf83b753,1997,GB,Chrysalis,[]
141,1965,Live at the Regal,B.B. King,Blues,Chicago Blues,b872c55e-2fc2-4d83-b03b-8143016a4c56,Unknown,Unknown,Lucas RecordsDigital,[]
142,1963,A Christmas Gift for You From Phil Spector,Phil Spector,"Rock, Funk / Soul, Pop",Pop Rock,5757370c-2e69-44e7-a284-4b77dbd85238,2009-10-26,AF,Legacy,[]
143,1968,Gris-Gris,"Dr. John, the Night Tripper","Jazz, Rock, Funk / Soul, Blues","Soul-Jazz, Louisiana Blues, Fusion, Bayou Funk",c48c21e3-6ebf-4f00-9f13-87335ce116b5,1968,US,ATCO Records,[]
144,1988,Straight Outta Compton,N.W.A,Hip Hop,Gangsta,c03b3942-62bb-4317-b564-f02321cf5732,1988,GB,Priority Records,"['hip hop', 'gangsta rap', 'west coast hip hop']"
145,1977,Aja,Steely Dan,"Jazz, Rock","Jazz-Rock, Classic Rock",91097d8c-0d5d-3069-8802-c18a2409a4df,1988-10,US,Mobile Fidelity Sound Lab,[]
146,1967,Surrealistic Pillow,Jefferson Airplane,Rock,"Folk Rock, Psychedelic Rock",0e1bb6fe-9a1c-38ae-beb6-45972f9b90af,,PL,Selles Records,[]
147,1970,Deja vu,"Crosby, Stills, Nash & Young",Rock,Classic Rock,c879dbe6-ff89-40be-a0b6-309956eeeea9,1999,ZA,Atlantic,[]
148,1973,Houses of the Holy,Led Zeppelin,Rock,Classic Rock,92ecb8ac-99be-46e4-a2c1-4bdae5c7f319,,CA,Atlantic,[]
149,1969,Santana,Santana,"Rock, Latin, Funk / Soul","Afro-Cuban, Psychedelic Rock",d381a3f6-c440-3ead-a16b-a99020c1932d,2000,GB,Columbia,[]
150,1978,Darkness on the Edge of Town,Bruce Springsteen,Rock,Pop Rock,5ea415bd-dd81-4a64-a87d-342870680254,,XE,CBS,[]
151,2004,Funeral,Arcade Fire,Rock,Indie Rock,9cd39636-1687-422c-ac08-5c3f16826bcf,2005-05-30,KR,Pastel Music,[]
152,1979,The B 52's / Play Loud,The B 52's,"Electronic, Rock, Pop","New Wave, Punk, Mod",Unknown,Unknown,Unknown,Unknown,[]
153,1991,The Low End Theory,A Tribe Called Quest,Hip Hop,Conscious,ffc8dd55-3ab3-4d62-a181-c3371189c507,,US,Jive,[]
154,1958,Moanin' in the Moonlight,Howlin' Wolf,Blues,Chicago Blues,0a50f525-004f-4025-950e-b6fdd84c0cfe,1986,IT,Chess,[]
155,1980,Pretenders,Pretenders,Rock,"Alternative Rock, New Wave",6bfe81e4-1556-4025-84f2-8e42762df811,1980,SE,Real Records,[]
156,1989,Paul's Boutique,Beastie Boys,"Hip Hop, Rock, Funk / Soul","Alternative Rock, Pop Rap, Psychedelic",a8e2b54c-fa39-4dd4-8704-bb72c7d15590,1989,US,Capitol Records,[]
157,1980,Closer,Joy Division,Rock,"Post-Punk, New Wave",caf17f1e-56b9-4203-9495-be162e7879ed,1980,IT,Factory,[]
158,1975,Captain Fantastic and the Brown Dirt Cowboy,Elton John,Rock,"Pop Rock, Classic Rock",26a672d4-f8c3-497e-8163-9ac633f169c2,1995,US,Columbia House,[]
159,1975,Alive!,KISS,Rock,"Hard Rock, Glam",d8301eab-66fe-40e1-8fb3-570b3cad6b23,2020-10-22,US,Mercury Records,[]
160,1971,Electric Warrior,T. Rex,Rock,"Glam, Classic Rock",fb125f63-9330-49f0-a8bf-92780a9b8299,,CA,Columbia House,[]
161,1968,The Dock of the Bay,Otis Redding,Funk / Soul,"Rhythm & Blues, Soul",d15d980d-eaf2-3e5d-80a5-f037138dc2e8,1968-02-23,US,Volt,[]
162,1997,OK Computer,Radiohead,"Electronic, Rock",Alternative Rock,943aa9da-7dc7-4a4a-a95e-2ffa707b6858,2016,XE,XL Recordings,[]
163,1982,1999,Prince,"Funk / Soul, Pop",,159b66b9-8c44-4d9e-98a0-2ccd86e216cd,1982,US,Warner Bros. Records,[]
164,2002,The Very Best of Linda Ronstadt,Linda Ronstadt,"Rock, Pop","Soft Rock, Pop Rock",95d673ef-efe3-49da-a7ab-202f60d0577b,2003,US,Time–Life Music,[]
165,1973,Let's Get It On,Marvin Gaye,Funk / Soul,Soul,d7e5ad8f-84c7-4f4c-bdf9-6e18fa404beb,2008,US,Mobile Fidelity Sound Lab,[]
166,1982,Imperial Bedroom,Elvis Costello & The Attractions,Rock,"Alternative Rock, New Wave",b4426fba-9b38-4b37-b63c-65d4539898bf,2002,GB,Edsel Records,[]
167,1986,Master of Puppets,Metallica,Rock,"Thrash, Speed Metal",517e4216-50a4-4177-9f45-7056d9c40548,2010-09-22,JP,Vertigo,[]
168,1977,My Aim Is True,Elvis Costello,Rock,"New Wave, Pop Rock",91f42a0a-d7e0-484d-959c-5b15e2482bf7,2015,CZ,Unknown,[]
169,1977,Exodus,Bob Marley & The Wailers,Reggae,"Reggae, Roots Reggae",d27ac8bb-bc78-4464-b392-190f74f8a38f,2007-05-09,JP,Island,[]
170,1970,Live at Leeds,The Who,Rock,"Classic Rock, Blues Rock, Hard Rock",ec03fe87-b26b-43db-a9f6-4bac1af24974,2001,BR,Polydor,[]
171,1968,The Notorious Byrd Brothers,The Byrds,Rock,"Psychedelic Rock, Folk Rock, Country Rock, Pop Rock",3ed8c88c-235d-4285-bb6d-918aae29a9a5,1968-01-03,US,Columbia,[]
172,1971,Every Picture Tells a Story,Rod Stewart,Rock,Pop Rock,a3c6a9e0-e524-4617-bb01-da5f00e00e6b,1971,GB,Mercury Records,[]
173,1972,Something/Anything?,Todd Rundgren,Rock,"Power Pop, Pop Rock, Prog Rock",d6d465dd-be52-4bc7-abf0-93277baa9492,1994-02-15,US,Mobile Fidelity Sound Lab,[]
174,1976,Desire,Bob Dylan,Rock,Folk Rock,b724b451-c45f-4902-b102-771bd7550f5c,1985,GB,CBS,[]
175,1970,Close to You,Carpenters,"Rock, Pop","Pop Rock, Vocal",c4410700-831e-485d-be06-15f4483d0e24,1999-01-12,US,A&M Records,"['pop', 'soft rock']"
176,1976,Rocks,Aerosmith,Rock,"Hard Rock, Classic Rock",82ea5147-031a-3488-a691-42d3f8e726d1,1986,US,CBS,[]
177,1978,One Nation Under a Groove,Funkadelic,Funk / Soul,P.Funk,b91a7821-d170-440c-8849-b38080c720fb,2016-11-25,AF,Charly Records,[]
178,1992,The Anthology: 1961-1977,Curtis Mayfield and The Impressions,Funk / Soul,"Rhythm & Blues, Soul, Funk",33eca310-5b75-45cf-943d-7d1aac7cb9ec,1992-12-08,US,MCA Records,"['funk', 'soul', 'funk soul', 'r&b']"
179,2001,The Definitive Collection,ABBA,"Electronic, Pop","Europop, Synth-pop, Disco",233121a4-5504-49a8-ae5c-33e48244fc25,2002-02-11,DE,UTV Records,[]
180,1965,"The Rolling Stones, Now!",The Rolling Stones,"Rock, Blues, Pop","Pop Rock, Rhythm & Blues, Rock & Roll",884d2d24-74e3-420d-99d0-c21e463b2247,1965,PT,Decca Records,[]
181,1974,Natty Dread,Bob Marley & The Wailers,Reggae,"Reggae, Roots Reggae",2763aa81-7125-4a19-96fc-735a0e623f76,2007-05-09,JP,Island,[]
182,1975,Fleetwood Mac,Fleetwood Mac,"Rock, Pop","Folk Rock, Pop Rock",225125d3-2b14-41a2-a7c6-cc0291a595ab,,XW,Columbia,[]
183,1975,Red Headed Stranger,Willie Nelson,"Folk, World, & Country",Country,6d499210-53eb-4594-9aec-b579d59bd774,2014-06-10,US,Columbia Nashville,[]
184,1990,The Immaculate Collection,Madonna,"Electronic, Pop",Synth-pop,671adf8c-bddb-4ef0-b5c0-07d78ee16533,2013-12-04,JP,Warner Music Japan,[]
185,1969,The Stooges,The Stooges,Rock,"Garage Rock, Punk",ae41ba26-c832-44d7-a28e-92f176b14877,2005-09-12,AU,Rhino Records,[]
186,1973,Fresh,Sly & The Family Stone,Funk / Soul,"Rhythm & Blues, Funk",13ca3816-f04d-46c8-8181-9c69d36eed63,2007,XE,Legacy,[]
187,1986,So,Peter Gabriel,"Electronic, Rock, Funk / Soul, Pop","Art Rock, Pop Rock, Synth-pop, Funk",764e5587-8706-46fd-b563-f782c29b4f9c,2019-02-19,US,Real World,[]
188,1967,Buffalo Springfield Again,Buffalo Springfield,"Rock, Pop",Country Rock,a2085a79-80ee-435b-aaf9-88034330d69b,1967,US,ATCO Records,"['rock', 'hard rock', 'folk rock', 'psychedelic rock', 'pop rock']"
189,1969,Happy Trails,Quicksilver Messenger Service,Rock,"Acid Rock, Psychedelic Rock",582785c7-add5-4fe2-8348-71ea62ee33ac,,GB,Capitol Records,['psychedelic rock']
190,1969,From Elvis in Memphis,Elvis Presley,"Rock, Funk / Soul, Folk, World, & Country","Country, Soul",137b0581-c126-4cc6-8ee1-d70fe435c946,2013,XE,RCA,[]
191,1970,Fun House,The Stooges,Rock,"Garage Rock, Punk",d06364eb-3997-32a5-83d9-96b948967203,2005,AU,Unknown,[]
192,1969,The Gilded Palace of Sin,The Flying Burrito Brothers,"Rock, Folk, World, & Country",Country Rock,a014afbd-19a0-4591-901e-33b58bf92aa1,2017-12-01,XW,A&M Records,[]
193,1994,Dookie,Green Day,Rock,"Alternative Rock, Pop Punk, Punk",9fd4b403-7967-4ebd-9517-1581dee83fae,1994,US,Reprise Records,"['alternative rock', 'punk']"
194,1972,Transformer,Lou Reed,Rock,Glam,4ee40d97-630c-3f0d-9ea2-d49fa253c354,2004-08-16,XE,BMG Heritage,[]
195,1966,"Blues Breakers With Eric Clapton (""The Beano Album"")",John Mayall & The Bluesbreakers,"Rock,ÊBlues","Blues Rock,ÊElectric Blues,ÊHarmonica Blues",Unknown,Unknown,Unknown,Unknown,[]
196,1998,"Nuggets: Original Artyfacts From the First Psychedelic Era, 1965-1968",Various Artists,Rock,"Garage Rock,ÊPsychedelic Rock",7beb47e7-f54b-46a3-a570-7fe932f0e350,1998-09-15,US,Rhino,[]
197,1983,Murmur,R.E.M.,Rock,Alternative Rock,fdb5287e-aa13-3694-a2d8-69ea36d04d4d,Unknown,Unknown,I.R.S. Records,[]
198,1967,The Best of Little Walter,Little Walter,Blues,Chicago Blues,dd7f1d5c-1471-4059-b12f-7a9865b0a95f,1967,US,Checker,[]
199,2001,Is This It,The Strokes,Rock,Indie Rock,4f1bd717-9e6c-45d2-98cd-2861ecf9cf00,2020-02-07,XE,RCA,[]
200,1979,Highway to Hell,AC/DC,Rock,Hard Rock,0273041a-3d67-4f18-b3a7-b479bcf71397,2003,US,Columbia,[]
201,1994,The Downward Spiral,Nine Inch Nails,"Electronic, Rock",Industrial,0d9e2d13-3a3b-4823-b7bf-1f992697c527,1994,AU,TVT Records,[]
202,1966,"Parsley, Sage, Rosemary and Thyme",Simon & Garfunkel,"Rock, Pop, Folk, World, & Country","Folk Rock, Pop Rock",a73e93f0-3255-444a-9376-9bdf2d5f18f2,1970,US,Columbia,[]
203,1987,Bad,Michael Jackson,"Funk / Soul, Pop","Pop Rock, Ballad, Funk, Soul",60b529f1-f99b-499f-9b3d-e96f9971039e,,FR,Unknown,"['isrc', '1€', 'brocante', '2021']"
204,2006,Modern Times,Bob Dylan,Rock,"Blues Rock, Folk Rock",9e113f99-e36d-494a-b6ff-61eeb812fdc5,2020-04-03,AU,Columbia,[]
205,1968,Wheels of Fire,Cream,"Rock, Blues","Blues Rock, Psychedelic Rock, Classic Rock",747a1c73-5742-3f0f-8c45-e90629a911c9,1986,US,Polydor,['eric clapton']
206,1980,Dirty Mind,Prince,Funk / Soul,,ba523b91-df29-41cf-8759-d8f6f1f46585,,US,Warner Bros. Records,[]
207,1970,Abraxas,Santana,"Rock, Latin","Fusion, Hard Rock, Psychedelic Rock",c282649b-b103-32f7-bdfb-7a7322c60cf0,1990,US,CBS,[]
208,1970,Tea for the Tillerman,Cat Stevens,"Rock, Stage & Screen","Folk Rock, Pop Rock",d652c918-f7c6-42e3-ad29-43e85bfb0b5a,2011-08-01,US,Analogue Productions,[]
209,1991,Ten,Pearl Jam,Rock,Grunge,ead8be7c-5252-4f86-9cad-b7c98aef226d,,XE,Epic,"['alternative rock', 'grunge']"
210,1969,Everybody Knows This Is Nowhere,Neil Young & Crazy Horse,Rock,"Folk Rock, Country Rock, Classic Rock",41f2b771-6eb1-406d-893e-2a0180f91597,2009-06-02,US,Reprise Records,[]
211,1975,Wish You Were Here,Pink Floyd,Rock,"Classic Rock, Prog Rock",932d0cc0-c005-41de-b579-5afd5cd49021,2016,XE,Pink Floyd Records,[]
212,1994,Crooked Rain Crooked Rain,Pavement,Rock,"Alternative Rock, Indie Rock",1403e49c-0ba8-4617-8560-51e64bc7d655,Unknown,Unknown,Matador,[]
213,1981,Tattoo You,The Rolling Stones,Rock,Classic Rock,7f378824-a4e5-4db5-a1a1-675f77439f8a,Unknown,Unknown,"Virgin Records America, Inc.",[]
214,1991,Proud Mary: The Best of Ike and Tina Turner,Ike & Tina Turner,Funk / Soul,"Rhythm & Blues, Bayou Funk, Soul",4ace427c-3e98-4216-b22a-a43f90418f42,1991-03-26,US,EMI,[]
215,1973,New York Dolls,New York Dolls,Rock,Glam,1f6cc992-e572-4f3c-b62a-cb6111383e67,1989-10-19,US,Mercury Records,[]
216,1986,Bo Diddley / Go Bo Diddley,Bo Diddley,"Rock, Blues","Rhythm & Blues, Rock & Roll",72e570c9-6a9f-4cb4-a213-6072c18207e4,1993,US,Chess,[]
217,1961,Two Steps From the Blues,"Bobby ""Blue"" Bland","Funk / Soul, Blues","Rhythm & Blues, Soul",d4a6bf69-2cfa-4f0b-aa13-061edb7b53cc,1990,US,MCA Records,"['blues', 'r&b']"
218,1986,The Queen Is Dead,The Smiths,"Rock, Pop",Indie Rock,695d54fe-bcf0-4482-87bf-c97988dabce5,,AL,Warner Music UK,[]
219,1986,Licensed to Ill,Beastie Boys,Hip Hop,,97681b8f-a382-457d-9615-3993771e721b,1986,XE,Def Jam Recordings,"['rap', 'hip hop']"
220,1970,Look-Ka Py Py,The Meters,Funk / Soul,"Bayou Funk, Soul, Funk",7415ea1b-6c48-4720-8bce-87a9a0719cb1,1970-02-27,US,Josie Records,"['rare groove on vinyl', 'discogs/>$100 vinyls']"
221,1991,Loveless,My Bloody Valentine,Rock,"Alternative Rock, Shoegaze",3e0292a2-39cb-4784-9515-8dce2af63dde,2012-05-07,GB,Sony Music,[]
222,1972,New Orleans Piano,Professor Longhair,"Funk / Soul, Blues",Piano Blues,f8a0c819-3c51-4d73-aa8c-954c6369c3df,1972,US,Atlantic,[]
223,1983,War,U2,Rock,Pop Rock,ec78c6e2-f6ac-4023-8c78-f3fda70afbf3,1995-11-25,JP,Island,[]
224,1999,The Neil Diamond Collection,Neil Diamond,"Rock, Pop","Soft Rock, Ballad",37c0f8b6-5822-40ed-8bd7-f3aac77f0191,Unknown,Unknown,MCA Records,[]
225,2004,American Idiot,Green Day,Rock,"Pop Rock, Punk",4a09e379-5bad-4fe8-a2c0-3d9fa45b9b77,2004,ZA,Reprise Records,[]
226,1982,Nebraska,Bruce Springsteen,Rock,Acoustic,8fbb5750-723c-4ed6-89eb-8f6e1c2bf7a0,1986,US,Columbia,[]
227,1989,Doolittle,Pixies,Rock,Indie Rock,631026a4-5e58-4b5d-bf24-816c519aa15d,2002,ZA,Sheer Music,[]
228,1987,Paid in Full,Eric B. & Rakim,Hip Hop,,1123cec5-f6b9-35fa-9b26-86d88e3308b3,1987,GB,Island Masters,[]
229,1975,Toys in the Attic,Aerosmith,Rock,"Hard Rock, Blues Rock",53d2b3ed-29f3-3f90-9e59-e3943314ee58,1975-04-08,US,Columbia,[]
230,1989,Nick of Time,Bonnie Raitt,"Rock, Pop","Blues Rock, Pop Rock",94d6c722-6a80-4bce-a9a8-f8f86876420e,1990-04-16,GB,Capitol Records,[]
231,1975,A Night at the Opera,Queen,Rock,"Hard Rock, Pop Rock, Prog Rock",dd51f3ae-daa9-4457-9d31-d41238abbded,2012,GR,Island,['rock']
232,1972,The Kink Kronikles,The Kinks,Rock,"Rock & Roll, Pop Rock",cf0d46fd-c859-451e-8bc3-a6b64ec9c841,,XW,Sanctuary Records,[]
233,1965,Mr. Tambourine Man,The Byrds,Rock,"Folk Rock, Garage Rock, Pop Rock",610dfaff-37d2-4624-80a1-ed124c4fc0c6,1991,JP,Unknown,[]
234,1968,Bookends,Simon & Garfunkel,Rock,"Folk Rock, Classic Rock",bd36295f-c317-4b0b-9204-b0331f8a3df1,1968,GB,CBS,[]
235,2000,The Ultimate Collection,Patsy Cline,"Folk, World, & Country",,b67a26d6-28f2-4651-bec4-5310b0b0f7ef,2000-10-17,US,UTV Records,[]
236,1992,Mr. Excitement!,Jackie Wilson,Funk / Soul,,6c6e828a-1233-476b-b31e-9c90cc3db9a4,2011-07-25,GB,Music Digital,[]
237,1965,My Generation,The Who,Rock,Mod,025bafc6-a560-4443-8710-9d62e52e0110,Unknown,Unknown,Unknown,[]
238,1962,Howlin' Wolf,Howlin' Wolf,Blues,,5e984612-9e2c-4112-8c1d-2d57b59a3de5,1986,DE,Vogue,[]
239,1989,Like a Prayer,Madonna,"Electronic, Pop",Synth-pop,505e7c4d-b6ae-434a-8d5a-8d633cd5ec2b,2021-03-05,XW,Warner Records,[]
240,1972,Can't Buy a Thrill,Steely Dan,Rock,Classic Rock,7529d4be-c901-49b3-819a-f0b540cbf076,1999,XE,MCA Records,[]
241,1984,Let It Be,The Replacements,Rock,"Alternative Rock, Power Pop, Punk, Indie Rock",8b32f4e1-4590-4de7-9259-e054ce332a07,1993,NL,Roadrunner Records,[]
242,1984,Run D.M.C.,Run D.M.C.,Hip Hop,,f5b02d72-4371-4bfc-a3cf-ffb26fffc5d6,1984,JP,London Records,[]
243,1970,Black Sabbath,Black Sabbath,Rock,"Blues Rock, Heavy Metal",7bf735e8-d0aa-35b7-8e05-e1487ed17976,1970,DE,Vertigo,[]
244,2000,The Marshall Mathers LP,Eminem,Hip Hop,"Pop Rap, Hardcore Hip-Hop, Horrorcore",d99e995e-4d13-45f4-8e9d-13c7902d1e8e,,EC,Interscope Records,[]
245,1993,All Killer No Filler! The Jerry Lee Lewis Anthology,Jerry Lee Lewis,"Rock, Blues, Folk, World, & Country","Country Blues, Rock & Roll, Rhythm & Blues",dfc3022d-0469-4b70-abb8-3b8199efb52c,1993-05-18,US,Rhino,[]
246,1966,Freak Out!,The Mothers of Invention,"Electronic, Rock","Musique Concr?te, Avantgarde, Symphonic Rock, Rhythm & Blues, Psychedelic Rock, Experimental, Parody",b3a9dc51-9918-4c55-b738-e339dbf42916,2010,LU,Yellow Snow Records,[]
247,1969,Live/Dead,The Grateful Dead,Rock,"Folk Rock, Country Rock, Psychedelic Rock, Experimental",c252f596-156c-45ff-9d32-eccc578cfd86,2003,US,Rhino,[]
248,1959,The Shape of Jazz to Come,Ornette Coleman,Jazz,Free Jazz,7056bf6d-2434-4f03-8fdb-2e9e58e0052a,2006-11-22,JP,Atlantic,[]
249,1992,Automatic for the People,R.E.M.,Rock,Alternative Rock,92eabc13-7ee2-30fc-94e5-2c4e604737da,1992-10-06,CA,Columbia House,[]
250,1996,Reasonable Doubt,Jay Z,Hip Hop,,e9a5f123-447f-4430-8efb-0921e1761ddf,1996-06-25,US,Priority Records,['hip hop']
251,1977,Low,David Bowie,"Electronic, Rock","Art Rock, Ambient, Experimental",2146869c-b322-4a4b-9b9b-e888d6cc9a75,1984-03,DE,RCA,[]
252,2001,The Blueprint,Jay Z,Hip Hop,,51fe12d2-4adb-4e83-9dee-f33f7907bc48,2001-09-11,US,Roc‐A‐Fella Records,[]
253,1980,The River,Bruce Springsteen,Rock,"Folk Rock, Pop Rock, Classic Rock",b11276a5-f052-474f-997e-11c8d0de9d0d,,GR,CBS,[]
254,1966,Complete & Unbelievable: The Otis Redding Dictionary of Soul,Otis Redding,Funk / Soul,Soul,a9317dfb-0aff-34f2-8c27-90e8ae99f2a2,1991-06-11,US,ATCO Records,[]
255,1991,"Metallica (""The Black Album"")",Metallica,Rock,Heavy Metal,Unknown,Unknown,Unknown,Unknown,[]
256,1977,Trans Europa Express,Kraftwerk,Electronic,Electro,f0e2c627-006d-4863-8b83-e20216decdc0,Unknown,Unknown,Capitol Records,[]
257,1985,Whitney Houston,Whitney Houston,"Funk / Soul, Pop","Synth-pop, Rhythm & Blues",b1974c3c-10a3-42da-880f-d10e86449f1e,1985,XE,Arista,[]
258,1968,The Kinks Are The Village Green Preservation Society,The Kinks,Rock,"Psychedelic Rock, Pop Rock",03b23045-8499-4986-b543-24ab3af63325,2000-04-21,JP,Victor,[]
259,1997,The Velvet Rope,Janet,"Electronic, Funk / Soul, Pop","RnB/Swing, Downtempo",52ce818f-7c2f-4e4c-a662-48a0fe98b96d,,CA,JDJ Entertainment,[]
260,1978,Stardust,Willie Nelson,"Pop, Folk, World, & Country",Vocal,277e06c9-25a3-4f5c-97e6-adeb571092e8,2000,US,Legacy,[]
261,1970,American Beauty,Grateful Dead,Rock,Folk Rock,fcf0f87d-a831-41c0-9c7f-c161c496e5df,,US,Warner Bros. Records,[]
262,1969,"Crosby, Stills & Nash","Crosby, Stills & Nash","Rock, Folk, World, & Country","Folk Rock, Classic Rock",1472b152-2887-44d8-8d83-4ea16bc537c9,2006-01-23,US,Rhino Atlantic,[]
263,1988,Tracy Chapman,Tracy Chapman,Rock,,f2032bf3-1642-4450-a29f-b78a128b2c4d,1988,GB,Elektra,[]
264,1970,Workingman's Dead,Grateful Dead,Rock,"Folk Rock, Country Rock, Classic Rock",a2ba7582-1cb5-43c6-82c7-4aedc6cc0be4,2020-07-10,US,Rhino,[]
265,1959,The Genius of Ray Charles,Ray Charles,"Jazz, Pop","Soul-Jazz, Big Band",2f1fa63b-6a09-49de-9cf5-0078c7204b70,1993-07,XE,Atlantic,[]
266,1968,Child Is Father to the Man,"Blood, Sweat & Tears",Rock,"Blues Rock, Jazz-Rock, Classic Rock",aad81861-e716-480d-b9bb-55bb4304ca81,2015,US,Sony Music Commercial Music Group,[]
267,1973,Quadrophenia,The Who,Rock,"Hard Rock, Classic Rock, Mod",201696b0-fdb4-4899-98d2-18711007894c,2011-11-15,US,Polydor,[]
268,1972,Paul Simon,Paul Simon,Rock,"Folk Rock, Pop Rock",c0768c2e-f9fa-49f8-86d0-bc8891f292cd,,CA,Warner Bros. Records,[]
269,1985,Psychocandy,The Jesus and Mary Chain,Rock,Noise,42465320-7553-465e-a3ea-9c3afea705cd,2011-09-19,GB,Edsel Records,[]
270,1978,Some Girls,The Rolling Stones,Rock,"Blues Rock, Rock & Roll, Classic Rock, Disco",ce4ae982-810d-4c5b-b8db-354085be1281,2011-11-21,GB,A&M Records,[]
271,1965,The Beach Boys Today!,The Beach Boys,Rock,"Pop Rock, Psychedelic Rock",d505df24-1134-4e0b-9732-e8b986df66c8,2015,XW,Capitol Records,[]
272,1997,Dig Me Out,Sleater Kinney,Rock,Indie Rock,cd02259c-8c7a-4634-8bbe-aab2a399aa62,1997-04-08,US,Kill Rock Stars,"['indie rock', 'alternative rock']"
273,1966,Going to a Go-Go,Smokey Robinson & The Miracles,Funk / Soul,Soul,5245862c-b985-4c9f-9126-0e76d7e4bad5,1965-11-01,US,Tamla,[]
274,1974,Nightbirds,LaBelle,Funk / Soul,"Funk, Disco",07ca1f4f-ec02-45ef-9546-83f57c52146b,2015-05-26,US,Audio Fidelity,[]
275,1999,The Slim Shady LP,Eminem,Hip Hop,,b9aa674e-b0c2-4541-97d9-df8b77d31878,1999,AU,Universal Music Australia,[]
276,1975,Mothership Connection,Parliament,Funk / Soul,"P.Funk, Funk",6f8468cf-f8a4-4c2b-bded-a66c5a83041c,2003-04-08,US,Mercury Records,['funk']
277,1989,Rhythm Nation 1814,Janet Jackson,"Electronic, Hip Hop, Pop","RnB/Swing, Downtempo, Synth-pop",4cfd7b61-5bbb-4440-8145-3381dd3be076,1989,AU,PolyGram Australia,[]
278,1997,Anthology of American Folk Music,Various,"Blues, Folk, World, & Country","Cajun, Country, Field Recording, Gospel, Delta Blues, Folk",2cd0cf5e-9106-4368-b727-dc76227ac990,1997-08-19,US,Smithsonian Folkways,[]
279,1973,Aladdin Sane,David Bowie,Rock,Glam,bde5618d-dab6-4ab6-956f-5e677be5cbc6,1973,DE,RCA Victor,[]
280,2000,All That You Can't Leave Behind,U2,Rock,Pop Rock,5b422d69-6dfc-41ee-8d54-a0e3e7c01024,2020-10-30,XW,Island,['rock']
281,1994,My Life,Mary J. Blige,Hip Hop,RnB/Swing,83dc4d86-f07e-468d-b925-42604d5a3995,1994,US,Uptown Records,[]
282,1964,Folk Singer,Muddy Waters,Blues,Delta Blues,c41f040f-3358-4d1b-809d-a84abacf7469,2010-01,US,Chess,[]
283,1974,Can't Get Enough,Barry White,Funk / Soul,"Soul, Disco",a6603040-6320-41d9-86bd-90edce536e4d,1974,GB,20th Century Records,[]
284,1978,The Cars,The Cars,"Electronic, Rock","New Wave, Pop Rock, Synth-pop",1268edad-5998-4491-bfdb-d58f9bcaf57d,2009,US,Mobile Fidelity Sound Lab,[]
285,1972,Music of My Mind,Stevie Wonder,Funk / Soul,"Soul-Jazz, Soul",6a5c85ee-a3e1-4778-9122-467d586147ca,2020-06-23,XW,Motown,[]
286,1972,I'm Still in Love With You,Al Green,Funk / Soul,"Rhythm & Blues, Soul",18068679-fd83-422e-b929-bd4428d951a9,2009-06-23,US,Fat Possum Records,[]
287,1980,Los Angeles,X,Rock,"Punk, Rock & Roll",e355676b-7c33-496c-ad58-fcfc6fe908e8,2019-03-15,US,Fat Possum Records,[]
288,1968,Anthem of the Sun,Grateful Dead,Rock,Psychedelic Rock,9a8a962d-4ef1-49aa-bb7d-bae803374dff,2001,US,Unknown,[]
289,1967,Something Else by The Kinks,The Kinks,Rock,"Pop Rock, Psychedelic Rock, Mod",dd4f54d5-6be5-42a8-99ff-8a9a88f9a3bc,2011-06-20,GB,Sanctuary Records,[]
290,1973,Call Me,Al Green,Funk / Soul,"Rhythm & Blues, Soul",0315b7e7-ace0-4f43-8c4a-7556fcd2edd4,2019-12-20,XW,Hi Records,"['soul', 'gospel', 'funk soul', 'memphis', 'r&b', 'r&b/soul', 'memphis-soul']"
291,1977,Talking Heads: 77,Talking Heads,Rock,New Wave,8332d146-cc2b-4b33-90bb-1ee83b1a6ac3,2006-01-10,US,Rhino,[]
292,1975,The Basement Tapes,Bob Dylan and the Band,Rock,"Folk Rock, Country Rock, Classic Rock",47c5d5ec-01e8-4f14-9d14-5fd629abe4a5,1975,US,CBS,[]
293,1968,White Light/White Heat,The Velvet Underground,Rock,"Avantgarde, Experimental",f40924ad-b34c-45c2-9b4a-5ece4913fbd6,2009-01-21,JP,Verve,[]
294,1969,Kick Out the Jams,MC5,Rock,"Garage Rock, Hard Rock, Punk, Blues Rock",e6ddda70-ef5e-43b4-aea7-a7a5e4bdb946,2017,US,Third Man Records,[]
295,1970,Songs of Love and Hate,Leonard Cohen,"Folk, World, & Country","Folk Rock, Folk, Ballad",66bcca0f-a910-4acb-9ec2-ae9e29517bb2,1971,XE,Stern's Music,[]
296,1985,Meat Is Murder,The Smiths,Rock,"Alternative Rock, Indie Rock",97e8cfce-6ebb-4ca7-8acc-1581b606cb15,1993,CA,Rough Trade,[]
297,1968,We're Only in It for the Money,The Mothers of Invention,"Electronic, Rock","Modern Classical, Avantgarde, Psychedelic Rock, Experimental, Parody",255b6932-7242-4aba-a614-4d609d6f4971,2008-05-21,JP,Videoarts Music,[]
298,2003,The College Dropout,Kanye West,Hip Hop,"Pop Rap, Conscious, Contemporary R&B",4476cc6a-41ac-4df0-99ad-140218958b62,2018-07-16,XW,Roc‐A‐Fella Records,['hip hop']
299,1994,Weezer (Blue Album),Weezer,Rock,"Alternative Rock, Emo",Unknown,Unknown,Unknown,Unknown,[]
300,1971,Master of Reality,Black Sabbath,Rock,"Hard Rock, Heavy Metal",4a39c7a9-ffba-3171-9420-a57db6f56608,2010,GB,Sanctuary Records,[]
301,1971,Coat of Many Colors,Dolly Parton,"Folk, World, & Country",Country,df075422-16a8-41a4-9589-043aa38e49b9,,GN,Buddha Records,[]
302,1990,Fear of a Black Planet,Public Enemy,Hip Hop,Conscious,aa8ba8bc-e3ee-4057-9f36-e5ea8fc5e2e7,1990,US,Columbia,[]
303,1967,John Wesley Harding,Bob Dylan,Rock,"Folk Rock, Country Rock",1fed2636-41d8-4b65-b377-f33b0bb52238,1987,US,Columbia,[]
304,1994,Grace,Jeff Buckley,Rock,"Alternative Rock, Folk Rock",3ca854ab-effe-39c0-b87f-f3bd47bdba79,2010-10-26,NL,Music on Vinyl,[]
305,1998,Car Wheels on a Gravel Road,Lucinda Williams,"Folk, World, & Country","Country, Folk",36876f89-c7fb-4b08-87ac-8f4f82bfd02e,2000-12-15,XE,Mercury Records,[]
306,1996,Odelay,Beck,"Electronic, Hip Hop, Funk / Soul, Pop","Electro, Downtempo, Hip Hop, Disco, Afrobeat, Abstract",4aeadf0d-4b74-4afa-9ba6-9c19e5d443f7,1997,ES,Bong Load Custom Records,"['alternative rock', 'neo-psychedelia']"
307,1964,A Hard Day's Night,The Beatles,"Rock, Stage & Screen","Soundtrack, Beat, Pop Rock",b9dd825e-efc9-47f1-be02-ec5cd207a0bb,2012-11-13,US,Parlophone,[]
308,1956,Songs for Swingin' Lovers!,Frank Sinatra,"Jazz, Pop","Vocal, Easy Listening",97b85242-9712-44ce-bb24-b67a8e782b42,,US,Capitol Records,[]
309,1969,Willy and the Poor Boys,Creedence Clearwater Revival,Rock,"Blues Rock, Rock & Roll, Classic Rock",6d7a7eae-5b6d-482e-a81f-484681aee4ba,2003-03-11,US,Fantasy,[]
310,1991,Blood Sugar Sex Magik,Red Hot Chili Peppers,Rock,"Alternative Rock, Funk Metal",edb64705-3887-4049-a3fe-220b6d639fb9,Unknown,Unknown,Warner Bros. Records,[]
311,1994,The Sun Records Collection,Various,"Rock, Funk / Soul, Blues, Pop, Folk, World, & Country","Country Blues, Rock & Roll, Rockabilly",15c6e918-3013-47bd-813f-58ac88426ba3,1994,US,Rhino,[]
312,1988,Nothing's Shocking,Jane's Addiction,Rock,Alternative Rock,a63d3d09-207b-462a-8b3f-211ef09b60f8,,XE,Warner Bros. Records,[]
313,1994,MTV Unplugged in New York,Nirvana,Rock,"Folk Rock, Acoustic, Grunge",dd5e127c-3046-47f4-b8f5-11cc25716834,2007-11-20,US,Geffen Records,[]
314,1998,The Miseducation of Lauryn Hill,Lauryn Hill,Hip Hop,"RnB/Swing, Conscious",4f931a2b-98eb-49bb-94b7-0ec62dcfe644,1998-08-25,US,Ruffhouse Records,['neo-soul']
315,1979,Damn the Torpedoes,Tom Petty and the Heartbreakers,Rock,"Soft Rock, Hard Rock, Pop Rock",801ca7aa-c7d2-4a2b-8ba9-fb71df9693c2,2010-09-11,XE,Geffen Records,[]
316,1969,The Velvet Underground,The Velvet Underground,Rock,"Garage Rock, Art Rock, Experimental",852ceaf1-6d7b-4199-a9ac-58aee06325f4,,US,"BMG Direct Marketing, Inc.",[]
317,1988,Surfer Rosa,Pixies,Rock,Alternative Rock,379a7960-22cf-480b-b036-6722a1b6f616,1988,XE,4AD,[]
318,1972,Back Stabbers,The O'Jays,Funk / Soul,Soul,f2a02003-a6e1-4859-9a06-18fca64eaa15,,XW,Epic,[]
319,1973,Burnin',The Wailers,Reggae,Reggae,78fae997-d38b-4756-b720-42db6e8b0b3a,,XE,Tuff Gong,[]
320,2001,Amnesiac,Radiohead,"Electronic, Rock","Alternative Rock, Experimental",9a883dfa-4135-49fb-9e79-7f1a2e28f60e,2001,AU,EMI,[]
321,1972,Pink Moon,Nick Drake,"Rock, Folk, World, & Country","Folk, Folk Rock, Acoustic",d1dd9616-1118-457c-8dbf-7ec8df95f9cf,2003-06,XE,Island,[]
322,1972,Sail Away,Randy Newman,"Rock, Pop",,15292168-5be4-4791-8919-03b8017e9b8b,1972,US,Reprise Records,[]
323,1981,Ghost in the Machine,The Police,"Rock, Pop","Alternative Rock, New Wave, Pop Rock",393e9fe9-27c5-4106-acb0-a1da1a022249,2008-01-23,JP,Universal International,[]
324,1976,Station to Station,David Bowie,"Rock, Funk / Soul","Classic Rock, Soul, Funk, Art Rock",86445377-28b8-479a-9f54-f17846dbf05c,1976,US,RCA,[]
325,1977,Slowhand,Eric Clapton,Rock,,0a5a0ab0-b549-42ea-8167-6833b68fac0d,1990,US,Polydor,[]
326,1989,Disintegration,The Cure,"Electronic, Rock","New Wave, Alternative Rock",0dbcb4d0-6d42-42d6-880f-9e3e02a461a5,2020-02-28,XE,Fiction,[]
327,1993,Exile in Guyville,Liz Phair,Rock,"Lo-Fi, Indie Rock",2c89d898-e5f2-4685-a6b3-9431e69d149d,1993,US,Matador,[]
328,1988,Daydream Nation,Sonic Youth,Rock,"Alternative Rock, Indie Rock",39eebdcc-e8bf-4cf3-bd22-49c3dd7e4c93,2007-06-12,US,Geffen Records,[]
329,1986,In the Jungle Groove,James Brown,Funk / Soul,"Soul, Funk",b06c9e02-27d2-4fd9-82b5-ddc64458e6b6,2009,GB,Polydor,[]
330,1975,Tonight's the Night,Neil Young,Rock,"Blues Rock, Folk Rock, Classic Rock",d9ecef28-8f1e-457e-a2c4-561a33534aaf,1987,US,Reprise Records,[]
331,1965,Help!,The Beatles,"Rock, Stage & Screen","Beat, Soundtrack, Pop Rock",fe925323-b380-468c-abcd-0777688cab6c,,AU,Parlophone,[]
332,1982,Shoot Out the Lights,Richard & Linda Thompson,"Rock, Folk, World, & Country",Folk Rock,3b5cb23f-49d2-4dc3-be45-142d230d08dd,,US,Ryko Records,[]
333,1981,Wild Gift,X,Rock,"Rock & Roll, Punk",66a1d540-516f-44f0-8b25-464beeac0211,2019-03-22,XW,Fat Possum Records,"['rock', 'punk', 'garage rock', 'los angeles', 'classic punk', 'la punk']"
334,1979,Squeezing Out Sparks,Graham Parker & The Rumour,"Rock, Blues",,f8bf75b3-2a52-4082-a46b-9c9dee5203aa,1990-10-25,US,Arista,[]
335,1994,Superunknown,Soundgarden,Rock,Alternative Rock,d462ca7b-fbb7-3331-ba43-3766785cc478,2004,XE,A&M Records,[]
336,2007,In Rainbows,Radiohead,"Electronic, Rock","Alternative Rock, Art Rock",fdaed873-1acf-3cbd-b340-964fb5f6b193,2008-10-01,JP,Hostess Entertainment Unlimited,[]
337,1971,Aqualung,Jethro Tull,Rock,"Classic Rock, Prog Rock",490d6fac-5419-4f97-9183-e23eecf7f3cc,2011-11-01,US,Chrysalis,[]
338,1968,Cheap Thrills,Big Brother & the Holding Company,Rock,"Folk Rock, Blues Rock, Psychedelic Rock",c0450ecb-b851-4e08-8667-7984bb3a63af,1968-08-12,GB,Legacy,[]
339,1974,The Heart of Saturday Night,Tom Waits,"Jazz, Pop, Folk, World, & Country","Contemporary Jazz, Spoken Word",5c05be97-a1cf-4c5d-8817-8420427b36e0,,AU,Asylum Records,[]
340,1981,Damaged,Black Flag,Rock,"Hardcore, Punk",754c3091-8cc3-46f5-9be9-4c3ca0a22ed1,Unknown,Unknown,Roadrunner Records,[]
341,1999,Play,Moby,Electronic,"Breakbeat, Leftfield, Downtempo",2d572c16-4cb2-4bf7-8929-6eab89fe9e1f,1999,AU,Mute,[]
342,1990,Violator,Depeche Mode,Electronic,Synth-pop,f676954c-a1aa-419c-88be-ce31e8da9808,1990-03-20,US,Columbia House,[]
343,1977,Bat Out of Hell,Meat Loaf,Rock,Pop Rock,36c71e26-f3bd-4265-a85c-fc152b8ba7cf,,CA,Epic,[]
344,1973,Berlin,Lou Reed,Rock,Hard Rock,1bbac75e-ce53-4508-9096-54415e9a1177,1986-06,XE,RCA,[]
345,1984,Stop Making Sense,Talking Heads,"Rock, Funk / Soul","Funk, Indie Rock, New Wave",30a4d0a8-0d5b-46f6-9050-3ce6269796df,1999-10-06,US,Palm Pictures,[]
346,1989,3 Feet High and Rising,De La Soul,Hip Hop,,f5366af6-1794-425d-8562-20ea6f93e0b1,1989,GB,Tommy Boy,[]
347,1967,The Piper at the Gates of Dawn,Pink Floyd,Rock,Psychedelic Rock,df964ed0-7a5f-4ba4-9ad9-0fa4e2d4abac,2007-09-11,US,EMI,[]
348,1960,Muddy Waters at Newport 1960,Muddy Waters,"Rock, Blues","Blues Rock, Chicago Blues",2565c6d9-1a7c-4e45-8106-6bbc554df4bd,2010-08,DE,Speakers Corner,[]
349,2003,The Black Album,Jay Z,Hip Hop,,1605cedb-7d36-4931-98eb-2ff8a7c8a07a,2003,US,Roc‐A‐Fella Records,['hip hop']
350,1966,Roger the Engineer,The Yardbirds,"Rock, Blues","Blues Rock, Pop Rock",5d81936c-803f-4a6c-b6af-86a077c5c5de,2010,US,The Great American Music Company,[]
351,1979,Rust Never Sleeps,Neil Young & Crazy Horse,Rock,"Hard Rock, Arena Rock",7ddd8185-c48d-45d0-bdfd-244e3bb13f5d,,XE,Reprise Records,[]
352,1985,Brothers in Arms,Dire Straits,Rock,"AOR, Classic Rock",3df892b2-bc61-40cc-9e0a-8a6106f304b6,1996,BR,Vertigo,[]
353,2010,My Beautiful Dark Twisted Fantasy,Kanye West,Hip Hop,,cd7d8c81-d519-4149-8cd0-ade722ad19b9,2010-11-22,US,Roc‐A‐Fella Records,[]
354,1978,52nd Street,Billy Joel,"Jazz, Rock, Pop","Pop Rock, Ballad, Latin Jazz",e524c21a-0001-3e9d-a6d8-3f896fb5e4c0,2004-11-03,JP,Sony Records International,[]
355,1965,Having a Rave Up,The Yardbirds,Rock,"Blues Rock, Psychedelic Rock",8e8d05bf-1b25-4af4-af82-0b929c819e19,1965-11-15,US,Epic,[]
356,1970,12 Songs,Randy Newman,"Rock, Pop","Pop Rock, Vocal",521bfc3d-bfbd-32a8-be66-dcd5717a264a,1988,US,Reprise Records,[]
357,1967,Between the Buttons,The Rolling Stones,Rock,"Blues Rock, Psychedelic Rock, Pop Rock",c0a1282e-132e-345d-8bda-513f4b43b6c9,2002-08-27,XE,ABKCO,[]
358,1960,Sketches of Spain,Miles Davis,Jazz,Modal,a29478bd-7781-4ab4-ad1b-5775590330bc,,US,Columbia,[]
359,1972,Honky Chteau,Elton John,Rock,"Pop Rock,ÊClassic Rock",Unknown,Unknown,Unknown,Unknown,[]
360,1979,Singles Going Steady,Buzzcocks,Rock,Punk,fccd560c-2ca2-4f4b-8915-9c64f83137b4,2019-06-14,XE,Domino,[]
361,2000,Stankonia,OutKast,"Hip Hop, Funk / Soul","Gangsta, P.Funk, Crunk, Conscious",4aa032a1-1d1c-4d37-bd9e-c7f3fa0a8126,2020-10,US,"Vinyl Me, Please.",[]
362,1993,Siamese Dream,The Smashing Pumpkins,Rock,Alternative Rock,0f99ec45-a665-4a97-93fe-6b4e010bc8c6,2011-12-02,XW,Virgin Records,[]
363,1987,Substance 1987,New Order,Electronic,Synth-pop,1b57e34e-e7f8-4d4e-a11a-0be98418dc12,1987,FR,Factory,['synth-pop']
364,1971,L.A. Woman,The Doors,Rock,"Blues Rock, Classic Rock",b4035090-b025-49a4-b3d5-721fef19bd1a,2012-01-23,GB,Rhino,[]
365,1992,Rage Against the Machine,Rage Against the Machine,"Hip Hop, Rock",Funk Metal,65814b80-a1e8-466a-94e4-965b402c31ca,1992,US,Epic Associated,[]
366,1994,American Recordings,Johnny Cash,"Folk, World, & Country","Country, Gospel, Folk",7aad662e-bd26-3910-8173-49acb8188a75,2002-05-05,US,American Recordings,[]
367,1998,Ray of Light,Madonna,"Electronic, Pop","House, Techno, Downtempo, Vocal, Ambient",120843cf-d414-4967-86d7-028cc37931cd,1998,ZA,Warner Bros. Records,[]
368,1972,Eagles,Eagles,Rock,"Country Rock, Classic Rock",91fb4f72-561a-437a-b31f-a18e8b0b66a8,2005-03-15,US,Warner Strategic Marketing,[]
369,1987,Louder Than Bombs,The Smiths,Rock,"Alternative Rock, Indie Rock",1285fbf3-1d73-437f-9788-4e2e16351914,2014,XW,Rhino,[]
370,1973,Mott,Mott the Hoople,Rock,Classic Rock,c1d8a38a-673d-4de8-8478-f99495140765,2006-04-03,JP,Sony Records International,"['rock', 'glam rock', 'classic rock', 'glam']"
371,2006,"Whatever People Say I Am, That's What I'm Not",Arctic Monkeys,Rock,Indie Rock,8496c9cb-9527-4f14-9142-37c53223005b,2006-01-25,JP,Domino,[]
372,1979,Reggatta de Blanc,The Police,"Rock, Pop","New Wave, Pop Rock",442a83aa-2f33-48b3-8c2a-fcb3fe2d60a2,1979,DE,A&M Records,[]
373,1969,Volunteers,Jefferson Airplane,Rock,"Psychedelic Rock, Folk Rock, Country Rock, Honky Tonk",1b550d4c-d267-4b22-9383-43d2d31106b8,1998,US,RCA,[]
374,1975,Siren,Roxy Music,Rock,"Art Rock, Pop Rock, Glam",60a494b5-cde4-4b6d-bc08-382ca1061d58,,US,Reprise Records,[]
375,1974,Late for the Sky,Jackson Browne,Rock,Pop Rock,69d5254f-6936-41d1-ab52-ce28bd15dafe,1998,XE,Asylum Records,[]
376,1995,Post,Bjork,Electronic,"Breakbeat, IDM, Electro",873ac90e-e745-42e8-bad3-36c2b89c2e0f,2020-06-18,XW,One Little Independent Records,"['art pop', 'avant-garde', 'alternative', 'electronica', 'iceland', 'experimental']"
377,1991,The Ultimate Collection: 1948-1990,John Lee Hooker,Blues,"Country Blues, Electric Blues, Chicago Blues, Jump Blues",9ee84d39-9b71-35b1-970b-326510da1667,1991,US,Rhino,[]
378,1995,(What's the Story) Morning Glory?,Oasis,"Rock, Pop",Brit Pop,0820f6fe-ef05-38a8-aa44-c7ec4782669a,2000-02-21,GB,Big Brother,[]
379,1994,CrazySexyCool,TLC,"Electronic, Hip Hop, Funk / Soul",RnB/Swing,b2eb5aae-4efc-4e46-a71f-8817988d031c,,XW,LaFace Records,[]
380,1973,Funky Kingston,Toots & The Maytals,Reggae,"Reggae Gospel, Reggae, Roots Reggae, Rocksteady",1c692edd-0eda-4005-84b5-5e5a0aa23874,,GB,Island,[]
381,2011,The Smile Sessions,The Beach Boys,Rock,"Pop Rock, Psychedelic Rock",fdf4bffa-9869-4208-a3c7-1c9cab8c0909,2011-11-01,XW,Capitol Records,[]
382,1976,The Modern Lovers,The Modern Lovers,Rock,"Art Rock, Indie Rock",4071d957-1ac3-3f35-9437-c06d364ea8a3,1976-08,US,Beserkley Records,[]
383,1978,More Songs About Buildings and Food,Talking Heads,Rock,"New Wave, Indie Rock",a529d460-5ee9-4ddf-a484-e6a29a945f32,1978,GB,Sire Records,[]
384,1966,A Quick One,The Who,Rock,"Mod, Beat, Psychedelic Rock",6fcb9f1f-9d8a-4ec6-84c8-ef3cb8256029,,US,MCA Records,[]
385,2001,"""Love and Theft""",Bob Dylan,Rock,"Folk Rock, Blues Rock",69a2355a-ad64-4dc9-80ce-7a5128c93209,,XE,Columbia,[]
386,1974,Pretzel Logic,Steely Dan,"Jazz, Rock","Jazz-Rock, Pop Rock, Classic Rock",313fe73c-6181-41f7-8d4e-7be115cac993,1980,CA,MCA Records,[]
387,1993,Enter the Wu_Tang: 36 Chambers,Wu Tang Clan,Hip Hop,Gangsta,ac4714c8-28e4-47c0-adbf-fd982fb45768,1993-11-09,US,Wu-Tang Records,[]
388,1985,The Indestructible Beat of Soweto,Various Artists,"Funk / Soul,ÊFolk, World, & Country",African,7b67e0c6-ef8a-4375-a8df-855a83345b53,1987,US,Shanachie,[]
389,1989,The End of the Innocence,Don Henley,Rock,Pop Rock,1bf1629f-b215-4004-8622-b50b897bc9e6,1989,US,Geffen Records,"['rock', 'pop rock']"
390,2003,Elephant,The White Stripes,Rock,"Blues Rock, Garage Rock, Alternative Rock",cf931e21-0416-43ef-b228-a194cea50b4b,2003-04-01,CA,Third Man Records,[]
391,1976,The Pretender,Jackson Browne,Rock,"Soft Rock, Pop Rock",73806737-66c7-463f-b9e6-91d22ba923a1,,XE,Asylum Records,[]
392,1970,Let It Be,The Beatles,Rock,Pop Rock,24b96801-c5ef-3b96-aded-e0baa38da7b1,1970-03-11,US,Apple Records,[]
393,2007,Kala,M.I.A.,"Electronic, Hip Hop, Reggae, Pop","Grime, Bollywood, Hip Hop, Dancehall",dde56f84-f1e4-4a12-8332-2a3d85a38c37,2021-04,US,"Vinyl Me, Please.",[]
394,1974,Good Old Boys,Randy Newman,"Rock, Pop","Pop Rock, Vocal",46dd94b4-33b1-4d8a-992b-015bdab047f4,2024-01-19,US,Rhino,[]
395,2007,Sound of Silver,LCD Soundsystem,"Electronic, Rock","Leftfield, Alternative Rock, Electro, Disco",a20ba78b-1d11-4071-aca6-251f512bb989,2007,AU,EMI,[]
396,1973,For Your Pleasure,Roxy Music,Rock,"Art Rock, Avantgarde, Glam",9e79db36-0d48-49b5-96ef-ccb5177b9273,,XE,E’G,[]
397,1991,Blue Lines,Massive Attack,"Electronic, Reggae","Dub, Downtempo",96ccdd6e-ef20-32b2-ac99-8840c1a191c1,1991,GB,Wild Bunch Records,[]
398,1983,Eliminator,ZZ Top,Rock,Pop Rock,faf0527b-39fc-45e9-916d-8628ed887940,1983,US,Warner Bros. Records,[]
399,1985,Rain Dogs,Tom Waits,"Rock, Blues",Blues Rock,b9adb8c5-f482-36a5-bb00-6566c37f5af8,1985,CA,Island,[]
400,1995,Anthology: The Best of The Temptations,The Temptations,"Electronic, Funk / Soul","Soul, Disco",e8bedbcb-834e-4abd-8b86-24bb5454d8b0,1995-05-23,XE,Motown,[]
401,1999,Californication,Red Hot Chili Peppers,Rock,"Alternative Rock, Funk Metal",b31c6c9a-c016-402c-8c27-70480f1e6afe,Unknown,Unknown,Unknown,[]
402,1994,Illmatic,Nas,Hip Hop,,2bc3bbdb-a5de-4ad7-9bcc-46d6e20d62a8,,XW,Columbia,['hip hop']
403,1973,(pronounced 'leh-'nerd 'skin-'nerd),Lynyrd Skynyrd,Rock,"Blues Rock, Hard Rock, Southern Rock",5941cba2-4dbe-4a42-881a-6765286b4240,1991-11,GB,MCA Records,[]
404,1972,Dr. John's Gumbo,Dr. John,Funk / Soul,"Bayou Funk, Funk, Rhythm & Blues",b18a44f8-1d5d-420e-9198-5b8b19768823,Unknown,Unknown,Analogue Productions,[]
405,1974,Radio City,Big Star,Rock,Power Pop,8a72b5c5-c8fe-40ad-a885-bda1f3e2f5f1,2014,US,Stax,[]
406,1993,Rid of Me,PJ Harvey,Rock,Indie Rock,507739bc-bc46-40f6-9dac-ef5850435bcc,,CA,Island,[]
407,1980,Sandinista!,The Clash,"Rock, Reggae","Rock & Roll, Dub, Punk",22b1aaf7-3683-4605-af11-7c0920816be2,1980,GB,CBS,[]
408,1989,I Do Not Want What I Haven't Got,Sinead O'Connor,"Rock, Funk / Soul, Blues","Blues Rock, Rhythm & Blues, Soul",a9123bbe-39cb-35ac-83be-95928e6816e6,1990-03-20,XE,Ensign,[]
409,1967,Strange Days,The Doors,Rock,Psychedelic Rock,7b0f7c86-90bd-447f-b590-7f2b122ec923,2007-03-19,US,Atlantic,[]
410,1997,Time Out of Mind,Bob Dylan,"Rock, Blues",Blues Rock,0679970d-7f49-4a09-9424-23e87c1d8f89,2003,XE,Columbia,[]
411,1974,461 Ocean Boulevard,Eric Clapton,Rock,Blues Rock,9596509c-6f4a-46ab-b618-0949b6a18d2c,2010-04-03,JP,Polydor,"['rock', 'blues rock']"
412,1977,Pink Flag,Wire,Rock,Punk,39dd2ee1-4359-4a4a-9e2f-2e6ed511793b,2018-05-19,GB,Pinkflag,[]
413,1984,Double Nickels on the Dime,Minutemen,Rock,"Alternative Rock, Hardcore, Punk",b6f782c6-5516-4331-ace3-d23d78ae3176,1987-12-14,US,SST Records,[]
414,1981,Beauty and the Beat,The Go Go's,Rock,Pop Rock,Unknown,Unknown,Unknown,Unknown,[]
415,1978,Van Halen,Van Halen,Rock,Hard Rock,8cd1237f-8d9f-4bd1-baad-ae509e0bf00a,1998-09-29,US,DCC Compact Classics,[]
416,1999,Mule Variations,Tom Waits,"Electronic, Rock","Abstract, Art Rock",b1caeaba-3f9b-4103-893d-ee195b79c0c9,2017-10-25,XW,Anti‐,[]
417,1980,Boy,U2,Rock,"New Wave, Pop Rock",5fe99277-fb1d-4566-9860-e80b60a72496,2008,GB,Universal Island Records,[]
418,1973,Band on the Run,Paul McCartney & Wings,Rock,Pop Rock,0be5ea0a-8b9b-40e3-9d86-1d169b74450a,2010-11-02,US,Concord Records,[]
419,1994,Dummy,Portishead,Electronic,"Trip Hop, Downtempo",f88d6d9b-9664-4c54-887c-2bd83248bc2c,1994,US,Go! Discs,['electonic']
420,1957,"The ""Chirping"" Crickets",The Crickets,"Rock, Pop","Rockabilly, Rock & Roll",f1d77b49-54e2-4874-a784-8b68cd3bcf99,1957-11-27,US,Brunswick,"['rock', 'pop', 'rockabilly', 'rock and roll']"
421,1990,"The Best of the Girl Groups, Volume 1",Various Artists,"Rock,ÊPop","Pop Rock, Vocal",27330545-38ec-4999-a3a6-4777f368ae92,1990,US,Rhino,[]
422,1963,Presenting the Fabulous Ronettes Featuring Veronica,The Ronettes,"Rock, Pop","Rock & Roll, Vocal",60a597d3-a9a3-4e20-a404-e1fce8177528,2012-07,US,Sundazed Music,[]
423,2001,Anthology,Diana Ross & The Supremes,"Electronic, Funk / Soul","Pop Rock, Soul, Disco",97543fb5-88ec-4b84-a2d6-2e697eaf7c75,1974,US,Motown,[]
424,2002,The Rising,Bruce Springsteen,Rock,"Folk Rock, Classic Rock",4e10eed4-67a5-4f07-a8ec-650a825b94f5,2008-12-21,ES,Sony BMG Music Entertainment,[]
425,1974,Grievous Angel,Gram Parsons,"Rock, Folk, World, & Country","Country Rock, Honky Tonk",912e318d-1605-4770-b641-4389d77eab26,2021-11,US,"Vinyl Me, Please.",[]
426,1978,Cheap Trick at Budokan,Cheap Trick,Rock,"Power Pop, Pop Rock, Arena Rock, Hard Rock",fc804f6e-c6d3-4e35-b105-31ec7dcf8390,1991,CA,Epic,[]
427,2002,Sleepless,Peter Wolf,"Rock, Blues, Pop","Blues Rock, Pop Rock, Ballad",42b407c1-62b2-4bf1-800c-cc43622debb6,2002,US,Artemis Records,[]
428,1978,Outlandos d'Amour,The Police,Rock,"Alternative Rock, New Wave, Punk",ab63556d-ad92-49ff-af73-cab9f1f4c0de,2008-01-23,JP,Universal International,[]
429,1975,Another Green World,Brian Eno,Electronic,"Experimental, Ambient",c26f3e2e-2994-4396-905e-250039d1828b,1987-07-22,JP,E’G,[]
430,2007,Vampire Weekend,Vampire Weekend,Rock,Indie Rock,c6a11e6d-4fa8-4ca1-b716-284ffa97e7f3,2017-02-07,XW,Unknown,"['adult alternative', 'music', 'rock', 'indie rock', 'new york', 'alternative']"
431,2000,"Stories From the City, Stories From the Sea",PJ Harvey,Rock,Indie Rock,1f6a0054-be14-4a77-bd7d-ce9391240118,,GN,Island,[]
432,1973,Here Come the Warm Jets,Brian Eno,Rock,"Art Rock, Glam",39c0fdbb-730d-4d78-88e3-991adaeabe36,,US,Editions EG,[]
433,1970,All Things Must Pass,George Harrison,Rock,Pop Rock,a5e879e1-56ef-4886-b8ea-64172818d709,1987-07-22,JP,EMI,[]
434,1972,#1 Record,Big Star,Rock,Power Pop,d70bceca-352a-4c67-b166-023225e2d38c,2014-09-02,US,Ardent Records,[]
435,1993,In Utero,Nirvana,Rock,"Grunge, Alternative Rock",18d4e9b4-9247-4b44-914a-8ddec3502103,1993,US,Columbia House,[]
436,2002,Sea Change,Beck,Rock,"Alternative Rock, Post Rock",cacfc80c-9e42-4cb7-bd97-ce3017bf8a14,2016-12-02,US,DGC Records,[]
437,2008,Tha Carter III,Lil Wayne,"Hip Hop, Funk / Soul","RnB/Swing, Screw, Pop Rap, Thug Rap",d40767db-72c0-47fd-ace8-a53b5a1d7326,2008-06-10,US,Cash Money Records,['hip hop']
438,1979,Boys Don't Cry,The Cure,Rock,"New Wave, Post-Punk",18893349-9294-422c-9674-8d85487a6d2c,1983,GB,Fiction,[]
439,1985,"Live at the Harlem Square Club, 1963",Sam Cooke,Funk / Soul,Soul,59ccdbe8-69ed-4e40-8cbc-09c8ee9b39a1,2016,XW,RCA,[]
440,1985,Rum Sodomy & the Lash,The Pogues,"Rock, Folk, World, & Country","Folk Rock, Celtic, Punk",753905e4-a129-4aa8-935a-61bb45126e7e,,XW,Warner Music UK,[]
441,1977,Suicide,Suicide,"Electronic, Rock","New Wave, Experimental",bfa0c60a-bc54-319c-bfad-a3e342385e29,1977,DE,Ariola,[]
442,1978,Q: Are We Not Men? A: We Are Devo!,DEVO,Rock,New Wave,66118d7e-07f6-3ccb-abde-270dadefd041,1978,US,Warner Bros. Records,[]
443,1977,In Color,Cheap Trick,Rock,"Power Pop, Pop Rock, Hard Rock",c50a8b90-81d5-47f2-8922-1fffa2098d40,1998,XE,Legacy,[]
444,1972,The World Is a Ghetto,War,Funk / Soul,Funk,5a130b5b-2ce8-4530-9512-3fd2fa7840a3,2012,US,"Far Out Productions, Inc.",[]
445,1976,Fly Like an Eagle,Steve Miller Band,Rock,Pop Rock,9a199311-16b2-4753-b35c-17f16350abdb,2018-07-26,XW,Steve Miller,[]
446,1970,Back in the USA,MC5,Rock,"Garage Rock, Rock & Roll",7ad7ddd8-b784-4972-8a6c-bdcbe84b9a6f,1970,DE,Atlantic,"['rock', 'hard rock', 'classic rock', 'garage rock']"
447,1964,Getz / Gilberto,Stan GetzÊ/ÊJoao GilbertoÊfeaturingÊAntonio Carlos Jobim,Jazz,"Bossa Nova,ÊLatin Jazz",Unknown,Unknown,Unknown,Unknown,[]
448,1983,Synchronicity,The Police,"Rock, Pop","New Wave, Pop Rock",60ae3e18-8d81-44fc-93f2-d95a5b1abd45,2008-08-02,JP,Universal International,[]
449,1978,Third/Sister Lovers,Big Star,Rock,"Lo-Fi,ÊIndie Rock",Unknown,Unknown,Unknown,Unknown,[]
450,1973,For Everyman,Jackson Browne,Rock,"Pop Rock, Classic Rock",bd026015-2ba3-44e1-a6c4-359abb54499e,1999,XE,Asylum Records,[]
451,2006,Back to Black,Amy Winehouse,"Funk / Soul, Pop",Soul,e75e5bc2-0145-4a26-8b87-7340362dfe4b,2007-04-30,GB,Universal Records,[]
452,1971,John Prine,John Prine,"Folk, World, & Country","Country, Folk",eeef667d-537c-440a-980e-ec54a8a5eba5,2008-12-23,XW,Atlantic,[]
453,1987,Strictly Business,EPMD,Hip Hop,,b5837880-78a3-4146-b981-b6848a894217,1988,US,Fresh Records,['hip hop']
454,1971,Love It to Death,Alice Cooper,Rock,Classic Rock,b9101ce5-ddc7-4c9b-a8ba-6c0b4f049c49,1971,GB,Straight Records,[]
455,1984,How Will the Wolf Survive?,Los Lobos,"Rock, Latin",Blues Rock,a950ea24-8991-44ea-95c9-0bc01666b580,1984,US,Warner Bros. Records,[]
456,1978,"Here, My Dear",Marvin Gaye,Funk / Soul,Soul,138b368f-0da9-4c04-b352-191b9a757433,1978-12,US,Tamla,[]
457,2005,Z,My Morning Jacket,Rock,Alternative Rock,3037b285-f557-4ed9-88c5-781ffa1b2e7d,2005-10-04,XW,ATO Records,[]
458,1970,Tumbleweed Connection,Elton John,"Rock, Folk, World, & Country","Soft Rock, Country Rock",c7d86601-d503-4b3e-9b3d-4931d2816395,,XW,EMI,[]
459,1968,The Drifters' Golden Hits,The Drifters,"Rock, Funk / Soul","Rhythm & Blues, Soul",2f2b081e-69c4-4384-b0f5-533d16390a7d,,US,Atlantic,[]
460,1994,Live Through This,Hole,Rock,Grunge,bacdbbe6-0899-4189-a4a0-87672dcfbf0b,1994-04-21,JP,Geffen Records,[]
461,1979,Metal Box,Public Image Ltd.,"Electronic, Rock","Post-Punk, Dub, Avantgarde, Experimental",df20152e-7a39-4ecf-b29c-7126c83a7701,1986-04-21,JP,Columbia,[]
462,1987,Document,R.E.M.,Rock,,02736c89-30a6-432c-b7a4-a510cce7bd6f,,CA,EMI Music Canada,[]
463,1981,Heaven Up Here,Echo and The Bunnymen,Rock,"New Wave, Indie Rock",174cb71b-8b3f-4702-b901-b879ddb63e3b,,AU,Warner Music UK,[]
464,1987,Hysteria,Def Leppard,Rock,"Hard Rock, Arena Rock",58b8eab9-cd8b-4c86-9031-ddb126071de4,1987-08-03,GB,Bludgeon Riffola,[]
465,1999,69 Love Songs,The Magnetic Fields,"Electronic, Rock","Synth-pop, Indie Rock",3404f020-f022-4afa-bc03-d1a11f30fd2d,1999-09-07,US,Merge Records,[]
466,2002,A Rush of Blood to the Head,Coldplay,Rock,"Alternative Rock, Pop Rock",f4210729-33c3-4530-b9c2-2d3b4312f3a1,2002-08,ZA,Parlophone,[]
467,1987,Tunnel of Love,Bruce Springsteen,Rock,,115b167e-888e-4671-bf10-2a94f6745eb3,2009,PT,Planeta DeAgostini,[]
468,1965,The Paul Butterfield Blues Band,The Paul Butterfield Blues Band,"Rock, Blues","Blues Rock, Electric Blues, Chicago Blues, Modern Electric Blues, Harmonica Blues",069fa715-cdc5-4395-9e3c-2956e1fa3b05,2014-10-07,US,Audio Fidelity,[]
469,1996,The Score,Fugees,Hip Hop,"Pop Rap, Conscious",75e2d7ff-294a-406f-a3e2-12b9f1f97f90,1996,ES,CBS/Sony,[]
470,1985,Radio,L.L. Cool J,Hip Hop,,66747ded-023e-4ff2-8854-18b50fb75f5c,1985,US,Columbia,[]
471,1974,I Want to See the Bright Lights Tonight,Richard & Linda Thompson,Rock,"Classic Rock, Folk Rock",5c019038-14f8-498a-93a8-53837ac16150,1993-03-16,GB,Island,[]
472,1987,Faith,George Michael,"Electronic, Rock, Funk / Soul, Blues, Pop","Downtempo, Soft Rock, Pop Rock, Synth-pop",3862bf4b-8026-4b47-af8c-0521a2202e89,1987-11-21,JP,Epic,[]
473,1984,The Smiths,The Smiths,Rock,Indie Rock,ba858d76-a1ca-4444-b832-1cafac9955af,,XE,wea,['no isrc']
474,2001,Proxima estacion: Esperanza,Manu Chao,"Rock, Reggae, Latin","Folk Rock, Reggae, Reggae-Pop",bef60ad1-4eba-3043-b140-391d261cecf4,2007,GB,Because Music,[]
475,1979,Armed Forces,Elvis Costello & The Attractions,Rock,"New Wave, Pop Rock",11a13044-7fab-4789-a116-e1cfb3b93482,1979-01-05,US,Columbia,[]
476,1997,Life After Death,The Notorious B.I.G.,Hip Hop,,5a4ae435-be76-4934-b05f-d38cf991afb9,1997-03-25,US,Bad Boy Entertainment,[]
477,1996,Down Every Road,Merle Haggard,"Folk, World, & Country",Country,31b62235-21d8-4bff-9826-97206f089a8d,1996,US,Capitol Records Nashville,[]
478,2002,All Time Greatest Hits,Loretta Lynn,"Folk, World, & Country",Country,0445d2f8-df9e-45ac-814d-bb24cc048d01,2002-05-21,US,MCA Nashville,[]
479,1971,Maggot Brain,Funkadelic,"Rock, Funk / Soul","P.Funk, Psychedelic Rock",298eb87c-e2b7-4fd0-8a3b-b8cd1e0ac87b,2005-05-02,US,Westbound Records,[]
480,1995,Only Built 4 Cuban Linx,Raekwon,Hip Hop,,67cf2139-bd53-46c7-8ac3-7694c40998cc,1995-09-21,JP,RCA,['hip hop']
481,2000,Voodoo,D'Angelo,"Hip Hop, Funk / Soul","Soul, Funk, Neo Soul",297b0447-fc4a-4266-91ff-6010a5309710,2000,US,EMI,[]
482,1986,Guitar Town,Steve Earle,"Rock, Folk, World, & Country","Country, Honky Tonk",af23a02f-1524-4c31-8b15-c2dfd5765998,2002,US,MCA Nashville,[]
483,1979,Entertainment!,Gang of Four,Rock,"Post-Punk, New Wave",0d19e6f8-0e6d-4e02-8376-850a303721b0,Unknown,Unknown,Rhino,[]
484,1972,All the Young Dudes,Mott the Hoople,Rock,"Classic Rock, Glam",f0bdada7-e0c7-4daf-8ecd-d6157f36cf17,,CA,Columbia,[]
485,1994,Vitalogy,Pearl Jam,Rock,"Alternative Rock, Hard Rock",ef45adf1-223e-4f1c-a705-3897adf11fd9,2013,US,Legacy,[]
486,1975,That's the Way of the World,"Earth, Wind & Fire",Funk / Soul,"Soul, Funk, Disco",de2beff8-98a3-4030-a89e-e3e73d34a81a,1988,US,Columbia,[]
487,1983,She's So Unusual,Cyndi Lauper,"Electronic, Rock","Pop Rock, Synth-pop",163ff3f1-f05c-40f6-9d7a-daacd156f07e,2020-10-09,XE,Portrait,[]
488,1985,New Day Rising,Husker Du,Rock,"Alternative Rock, Hardcore, Punk",b051f527-29e1-4a56-b318-12d3305467d4,1994-02-23,JP,SST Records,[]
489,1976,Destroyer,KISS,Rock,Hard Rock,9ba1ce68-6338-4ef5-9da2-1409349fe412,2010-08-25,JP,Mercury Records,[]
490,1973,Tres hombres,ZZ Top,Rock,"Blues Rock, Classic Rock",0fcfcc39-125c-4ad6-bdcb-edeadb4c09df,2010-03-09,XW,Warner Bros. Records,[]
491,1967,Born Under a Bad Sign,Albert King,"Funk / Soul, Blues","Electric Blues, Rhythm & Blues, Soul",3f2bf97b-fd4a-4c6c-bd2f-f016e5231c59,2018,DE,Speakers Corner,[]
492,1983,Touch,Eurythmics,"Electronic, Pop","New Wave, Synth-pop",8e581501-b4f8-4c75-a3a2-ff9b7515c594,1983,JP,RCA,[]
493,2002,Yankee Hotel Foxtrot,Wilco,Rock,Alternative Rock,e47edc2f-f619-4bef-9188-325b2b5fb254,2019-09-27,XW,Nonesuch,"['rock', 'chicago']"
494,2007,Oracular Spectacular,MGMT,"Electronic, Rock, Pop","Synth-pop, Indie Rock",693cc04f-8d9e-4675-85f9-68f08e98b914,2008-03-10,AU,Columbia,[]
495,1972,Give It Up,Bonnie Raitt,Rock,Blues Rock,493b39d4-0073-4705-a6c7-ea68ea537ffe,,XE,Warner Bros. Records,[]
496,1969,Boz Scaggs,Boz Scaggs,Rock,Pop Rock,83a6ef10-405d-4984-b247-30df94495748,2005-02-08,XW,Rhino Atlantic,[]
497,2001,White Blood Cells,The White Stripes,Rock,"Indie Rock, Alternative Rock, Blues Rock, Garage Rock",d5757765-c110-4fc6-8146-d341c8c31c1c,2001,XE,XL Recordings,[]
498,1989,The Stone Roses,The Stone Roses,Rock,Indie Rock,3ecc790f-ed54-4920-a95f-66873f2e91c7,2009-08-10,XE,Silvertone Records,[]
499,1971,Live in Cook County Jail,B.B. King,Blues,Electric Blues,b36f9264-503e-4f6c-a836-304b9ffff6fb,Unknown,Unknown,MCA Records,[]
500,1998,Aquemini,OutKast,Hip Hop,"Reggae, Gangsta, Soul, Conscious",88818f4c-14c6-44c6-9e8f-db69eb94b7c4,,XW,Arista,[]
